source,position,company,location,category,career_text,employment_type,url
naverblog,"[정규직,경력] LT메탈 보건관리자 채용(기업리뷰, 인천 근무)",보건관리자&산업간호사 일기,인천,블로그 글,,,https://blog.naver.com/happynurse7/224435461315
naverblog,"[계약직,경력] 한국 맥도날드 보건관리자 채용(기업리뷰, 서울 근무)",보건관리자&산업간호사 일기,서울,블로그 글,,,https://blog.naver.com/happynurse7/224435429447
naverblog,[간호사 채용] 서울 한국맥도날드 보건관리자 채용,간호사 찐빵,서울,블로그 글,,,https://blog.naver.com/rn_hire/224435338189
naverblog,"노루페인트 채용, 인사기획·안전보건·보건관리자 지원 전에 확인....",Creater Y,,블로그 글,,,https://blog.naver.com/cymmcymm/224433973794
naverblog,[보건관리자 채용] 코레일테크 보건관리 채용형인턴 2명 채용,산업간호사 지혜 블로그(Since 2016),,블로그 글,,,https://blog.naver.com/ohealthnurse/224434878046
naverblog,[보건관리자 채용] LT메탈 보건관리자 정규직 채용,산업간호사 지혜 블로그(Since 2016),,블로그 글,,,https://blog.naver.com/ohealthnurse/224434875725
naverblog,[보건관리자 채용] 서흥 보건관리자 정규직 채용,산업간호사 지혜 블로그(Since 2016),,블로그 글,,,https://blog.naver.com/ohealthnurse/224434871013
naverblog,[보건관리자 채용] 인천공항시설관리 보건관리자 정규직 채용,산업간호사 지혜 블로그(Since 2016),인천,블로그 글,,,https://blog.naver.com/ohealthnurse/224434867674
naverblog,[보건관리자 채용] 원익홀딩스 보건관리자 계약직 채용,산업간호사 지혜 블로그(Since 2016),,블로그 글,,,https://blog.naver.com/ohealthnurse/224434858953
naverblog,[보건관리자 채용] 에르메스코리아 보건관리자 계약직 채용,산업간호사 지혜 블로그(Since 2016),,블로그 글,,,https://blog.naver.com/ohealthnurse/224434855674
naverblog,[간호사 채용] 인천 LT메탈 보건관리자 채용,간호사 찐빵,인천,블로그 글,,,https://blog.naver.com/rn_hire/224434496281
naverblog,"[정규직,신입] 서흥 보건관리자 채용(기업리뷰, 청주 근무)",보건관리자&산업간호사 일기,,블로그 글,,,https://blog.naver.com/happynurse7/224434282453
naverblog,"[계약직,경력] 삼성전자 산업 간호사 채용(대기업)",보건관리자&산업간호사 일기,,블로그 글,,,https://blog.naver.com/happynurse7/224434242346
naverblog,"[계약직,경력] 에르메스코리아 보건관리자 채용(기업리뷰, 서울 근....",보건관리자&산업간호사 일기,서울,블로그 글,,,https://blog.naver.com/happynurse7/224434238099
naverblog,산업간호사 취업자격과 채용공고 보는 법,간호사가 알려주는 건강습관 연구소,,블로그 글,,,https://blog.naver.com/tpiano/224434033817
naverblog,[보건관리자 채용] 에스앤아이 코퍼레이션 보건관리자 정규직 채용,산업간호사 지혜 블로그(Since 2016),,블로그 글,,,https://blog.naver.com/ohealthnurse/224434012263
naverblog,[보건관리자 채용] 에이비엠 보건관리자 계약직 채용,산업간호사 지혜 블로그(Since 2016),,블로그 글,,,https://blog.naver.com/ohealthnurse/224434009391
naverblog,[보건관리자 채용] 서울신문사 보건관리자 계약직 채용,산업간호사 지혜 블로그(Since 2016),서울,블로그 글,,,https://blog.naver.com/ohealthnurse/224434007525
naverblog,[산업간호사 채용] 삼성전자 화성사업장 산업간호사 계약직 채용,산업간호사 지혜 블로그(Since 2016),,블로그 글,,,https://blog.naver.com/ohealthnurse/224434005885
naverblog,"컬리 EHS 보건관리자 채용 안산, 자격요건부터 담당업무까지",보건관리자의 길,,블로그 글,,,https://blog.naver.com/chaewon0317/224433895621
naverblog,[간호사 채용] 대전·부산 코레일테크 보건관리자 채용,간호사 찐빵,대전,블로그 글,,,https://blog.naver.com/rn_hire/224433873177
naverblog,[간호사 채용] 충북 서흥 보건관리자 채용,간호사 찐빵,충북,블로그 글,,,https://blog.naver.com/rn_hire/224433400937
naverblog,[간호사 채용] 서울 에르메스코리아 보건관리자 간호사 채용,간호사 찐빵,서울,블로그 글,,,https://blog.naver.com/rn_hire/224433331218
naverblog,"[계약직,신입] 에이비엠 보건관리자 채용(기업리뷰, 인천 근무 )",보건관리자&산업간호사 일기,인천,블로그 글,,,https://blog.naver.com/happynurse7/224433165775
naverblog,"보건관리자 연봉, 채용공고 2건으로 본 실제 조건",인생 2막 설계,,블로그 글,,,https://blog.naver.com/blue_moon_0516/224430665288
naverblog,"보건관리자 선임기준 총정리, 건설업 공사금액 및 채용 우대 자격",알공랩(알아서 공부시켜주는 연구소),,블로그 글,,,https://blog.naver.com/wlgh113/224432756027
naverblog,보건관리자·산업간호사 채용공고 | SK탑 보건관리자(부산 해운대) ....,보건관리자/산업간호사 다람쥐,부산,블로그 글,,,https://blog.naver.com/ari_song2/224430915011
naverblog,인천공항시설관리 2026년 제3차 정기(보건관리자)채용(~10/12),시나브로 자라는 꽃,인천,블로그 글,,,https://blog.naver.com/clover3050/224430932399
naverblog,보건관리자·산업간호사 채용공고 | 매일유업 보건관리자(서울 종로....,보건관리자/산업간호사 다람쥐,서울,블로그 글,,,https://blog.naver.com/ari_song2/224430917252
naverblog,보건관리자·산업간호사 채용공고 | 한동대학교 보건교사(경북 포항....,보건관리자/산업간호사 다람쥐,경북,블로그 글,,,https://blog.naver.com/ari_song2/224430912142
naverblog,보건관리자·산업간호사 채용공고 | 안동의료재단 간호사(경북 안동....,보건관리자/산업간호사 다람쥐,경북,블로그 글,,,https://blog.naver.com/ari_song2/224430906320
naverblog,공기업 보건관리자 채용 신청 및 간호사 공고 총정리!,기린 과장의 정보사바나,,블로그 글,,,https://blog.naver.com/klends6922/224429372936
naverblog,[보건관리자 채용] 사옹원 보건관리자 정규직 채용,산업간호사 지혜 블로그(Since 2016),,블로그 글,,,https://blog.naver.com/ohealthnurse/224429823382
naverblog,"[정규직,신입] 사옹원 보건관리자 채용(기업리뷰, 충북 근무)",보건관리자&산업간호사 일기,충북,블로그 글,,,https://blog.naver.com/happynurse7/224429771993
naverblog,"[계약직,경력] LG유플러스 보건관리자 채용(서울 근무)",보건관리자&산업간호사 일기,서울,블로그 글,,,https://blog.naver.com/happynurse7/224429767244
naverblog,"[정규직,신입] 한국식품연구원 보건관리자 채용(기업리뷰, 전북 근....",보건관리자&산업간호사 일기,전북,블로그 글,,,https://blog.naver.com/happynurse7/224429756228
naverblog,[보건관리자 채용] 쿠팡로지스틱서비스 보건관리자 6명 정규직 채용,산업간호사 지혜 블로그(Since 2016),,블로그 글,,,https://blog.naver.com/ohealthnurse/224429693351
naverblog,[간호사 채용] 이터널그룹 보건관리자 계약직 채용,간호사 찐빵,,블로그 글,,,https://blog.naver.com/rn_hire/224429689177
naverblog,[간호사 채용] 경기 매일유업 평택공장 보건관리자 정규직 채용,간호사 찐빵,경기,블로그 글,,,https://blog.naver.com/rn_hire/224429680547
naverblog,[보건관리자 채용] 캐논코리아 보건관리자 계약직 채용,산업간호사 지혜 블로그(Since 2016),,블로그 글,,,https://blog.naver.com/ohealthnurse/224429676156
naverblog,[보건관리자 채용] 매일유업 보건관리자 정규직 채용,산업간호사 지혜 블로그(Since 2016),,블로그 글,,,https://blog.naver.com/ohealthnurse/224429670117
naverblog,[학교간호사 채용] 세종대학교 보건관리자 계약직 채용,산업간호사 지혜 블로그(Since 2016),세종,블로그 글,,,https://blog.naver.com/ohealthnurse/224429668931
naverblog,[보건관리자 채용] 현대그린푸드  단체급식 사업장 보건관리 계약직....,산업간호사 지혜 블로그(Since 2016),,블로그 글,,,https://blog.naver.com/ohealthnurse/224429667375
jobkorea,[네오위즈] 사내 보건관리자 (장애인 채용),㈜네오위즈,경기 성남시,보건관리자,경력 1년 이상,계약직,https://www.jobkorea.co.kr/Recruit/GI_Read/50135928
jobkorea,"한국후지필름 각 부문 신입 및 경력 모집 (천안기술, 천안EHS, 천안제조, 천안 물류, 천안CMP, 동탄CMP)",한국후지필름일렉트로닉머티리얼즈㈜,충남 천안시 외,보건관리자,신입,정규직,https://www.jobkorea.co.kr/Recruit/GI_Read/50132108
jobkorea,금호건설(주) 송도세브란스병원 신축공사 현장 보건관리자 채용,금호건설㈜,인천 연수구,보건관리자,경력 3년 이상,계약직,https://www.jobkorea.co.kr/Recruit/GI_Read/50131003
jobkorea,[범한메카텍(구.두산메카텍)] 보건/안전관리 경력사원 채용,범한메카텍㈜,경남 창원시,보건관리자,경력 3년 이상,정규직,https://www.jobkorea.co.kr/Recruit/GI_Read/50129735
jobkorea,에스에이치안전보건(주) 산업간호사 경력직 채용,에스에이치안전보건㈜,경기 부천시,보건관리자,경력 1년 이상,계약직,https://www.jobkorea.co.kr/Recruit/GI_Read/50128648
jobkorea,[인재 DB 등록] 전 직군 (경력) - 안전/보건,보령엘엔지터미널(주),충남 보령시,보건관리자,,정규직,https://www.jobkorea.co.kr/Recruit/GI_Read/50124166
jobkorea,2026년 보건관리자 경력직(촉탁직) 채용,에스케이에코플랜트(주),,보건관리자,,계약직,https://www.jobkorea.co.kr/Recruit/GI_Read/50123080
jobkorea,2026년 보건관리자 경력직(계약직) 채용,에스케이에코플랜트(주),,보건관리자,,계약직,https://www.jobkorea.co.kr/Recruit/GI_Read/50123005
jobkorea,대한산업보건협회 산업위생국 일경험 인턴 모집,재단법인 한국일자리지원재단,서울 금천구 외,보건관리자,경력무관,인턴,https://www.jobkorea.co.kr/Recruit/GI_Read/50119725
jobkorea,(주)미래도시건설 공사현장 보건관리자 채용,미래도시건설,서울 마포구,보건관리자,경력무관,정규직,https://www.jobkorea.co.kr/Recruit/GI_Read/50110437
jobkorea,평택 삼성 산청종합관리 보건관리자 모집,산청종합관리,경기 평택시,보건관리자,신입,,https://www.jobkorea.co.kr/Recruit/GI_Read/50107619
jobkorea,[KD운송그룹] 안전보건관리실 산업안전관리자 모집,경기고속 [대원고속],서울 성동구,보건관리자,경력무관,정규직,https://www.jobkorea.co.kr/Recruit/GI_Read/50104082
jobkorea,[현대경제연구원] 안전보건교육기관 강사 채용 (상시 인재풀),㈜현대경제연구원,서울 종로구,보건관리자,경력 5년 이상,계약직,https://www.jobkorea.co.kr/Recruit/GI_Read/50101407
jobkorea,Site EHS Manager / 사업장 안전보건환경 관리자 채용,파카코리아 ㈜,경기 화성시,보건관리자,경력 5년 이상,정규직,https://www.jobkorea.co.kr/Recruit/GI_Read/50096700
jobkorea,"[KCC건설] 서울역 양동 11,12지구 업무시설 보건관리자 채용",㈜케이씨씨건설,서울 중구,보건관리자,경력무관,계약직,https://www.jobkorea.co.kr/Recruit/GI_Read/50094966
jobkorea,[중견기업/정규직/삼성전자로지텍협력사] 평택 안전보건 담당자 채용,㈜삼우F&G,경기 평택시,보건관리자,경력무관,정규직,https://www.jobkorea.co.kr/Recruit/GI_Read/50091930
jobkorea,산업안전보건관리(보건) 기간제 채용(분당/GRC),에이치디건설기계㈜,경기 성남시,보건관리자,신입,계약직,https://www.jobkorea.co.kr/Recruit/GI_Read/50091868
jobkorea,[대주KC그룹] 케이씨 환경안전팀 안전보건관리자 모집,케이씨㈜,전남광주 영암군,보건관리자,경력무관,정규직,https://www.jobkorea.co.kr/Recruit/GI_Read/50090525
jobkorea,"[군산] 데이터센터 시공관리 채용 (전기, 사업관리, 안전관리, 보건관리)",㈜케이티클라우드,전북 군산시,보건관리자,경력 3년 이상,계약직,https://www.jobkorea.co.kr/Recruit/GI_Read/50089748
jobkorea,[두오모] 건설현장 보건관리자 (계약직),㈜두오모,서울 강남구,보건관리자,경력 3년 이상,계약직,https://www.jobkorea.co.kr/Recruit/GI_Read/50087853
jobkorea,2026년 현장 프로젝트 계약직 상시 채용 - 안전/보건관리(건축/토목),두산건설㈜,,보건관리자,,계약직,https://www.jobkorea.co.kr/Recruit/GI_Read/50089055
jobkorea,안전보건담당자(경력직) 채용 공고,㈜코어이엔피,전남광주 서구,보건관리자,경력 2년 이상,계약직,https://www.jobkorea.co.kr/Recruit/GI_Read/50085440
jobkorea,[DL건설] 현장 안전관리자/보건관리자 채용 (PJT 계약직),디엘건설㈜,서울 강서구,보건관리자,경력 2년 이상,계약직,https://www.jobkorea.co.kr/Recruit/GI_Read/50084157
jobkorea,"[KCC건설] 용산 나진상가 12, 13동 복합시설 보건직 채용",㈜케이씨씨건설,서울 용산구,보건관리자,경력무관,계약직,https://www.jobkorea.co.kr/Recruit/GI_Read/50084977
jobkorea,보건관리자 (경력/육아휴직 대체),㈜에어프레미아,서울 강서구,보건관리자,경력 3년 이상,계약직,https://www.jobkorea.co.kr/Recruit/GI_Read/50081517
jobkorea,금광기업(주) 남양주 현장(보건관리자) 직원 채용,금광기업㈜,경기 남양주시,보건관리자,경력무관,,https://www.jobkorea.co.kr/Recruit/GI_Read/50080655
jobkorea,보건관리자 모집,한남여객운수㈜,서울 관악구,보건관리자,경력무관,정규직,https://www.jobkorea.co.kr/Recruit/GI_Read/50080034
jobkorea,본사 보건관리자 구인,㈜청아시스템,경기 고양시,보건관리자,경력무관,정규직,https://www.jobkorea.co.kr/Recruit/GI_Read/50079997
jobkorea,[에이블리] 보건관리자,㈜에이블리코퍼레이션,서울 성동구,보건관리자,경력 3년 이상,정규직,https://www.jobkorea.co.kr/Recruit/GI_Read/50074216
jobkorea,SK넥실리스 정읍공장 보건관리자 채용,에스케이넥실리스㈜,전북 정읍시,보건관리자,경력무관,계약직,https://www.jobkorea.co.kr/Recruit/GI_Read/50073805
jobkorea,[건설부문] 보건관리(PJT계약직) 채용 - 안산 아워데이터센터 개발사업 리모델링,CJ대한통운㈜,경기 안산시 외,보건관리자,,계약직,https://www.jobkorea.co.kr/Recruit/GI_Read/50072638
jobkorea,계룡건설 충남국제전시컨벤션센터 건립공사 보건관리자 채용,계룡건설산업㈜,충남 천안시,보건관리자,경력무관,계약직,https://www.jobkorea.co.kr/Recruit/GI_Read/50067312
jobkorea,안전보건팀(안전관리자) 경력직 채용,한솔아이원스,경기 화성시,보건관리자,,정규직,https://www.jobkorea.co.kr/Recruit/GI_Read/50067229
jobkorea,[쿠팡풀필먼트서비스] 물류센터 보건관리자 (고양3 센터),쿠팡 주식회사,경기 고양시,보건관리자,경력 3년 이상,정규직,https://www.jobkorea.co.kr/Recruit/GI_Read/50063802
jobkorea,보건관리자,㈜에이블리코퍼레이션,서울 성동구,보건관리자,경력 3년 이상,정규직,https://www.jobkorea.co.kr/Recruit/GI_Read/50062769
jobkorea,2027년 안전보건관리체계구축 컨설팅 위탁 수행위원 모집,㈜아토스,서울 구로구,보건관리자,경력 7년 이상,,https://www.jobkorea.co.kr/Recruit/GI_Read/50062349
jobkorea,(사)중대안전보건예방협회 산업안전보건교육 강사 채용 공고,㈔중대안전보건예방협회,서울 금천구,보건관리자,경력 3년 이상,,https://www.jobkorea.co.kr/Recruit/GI_Read/50061224
jobkorea,각 부문 신입/경력 상시 인재 POOL 모집 - 안전/보건,에스에프씨,충북 청주시,보건관리자,신입,,https://www.jobkorea.co.kr/Recruit/GI_Read/50060739
jobkorea,특수검진 행정업무 경력 담당자(산업위생관리기사) 모집,의료법인 인봉의료재단 뉴고려병원,경기 김포시,보건관리자,경력 2년 이상,,https://www.jobkorea.co.kr/Recruit/GI_Read/50060126
jobkorea,[(주)세은상역] 보건 관리자 채용 (계약직/즉시 선임 가능한 자),㈜세은상역,서울 송파구,보건관리자,경력무관,계약직,https://www.jobkorea.co.kr/Recruit/GI_Read/50046819
jobkorea,[KCC건설] 중앙대 서울캠퍼스 205관 신축현장 보건직 채용,㈜케이씨씨건설,서울 동작구,보건관리자,경력무관,계약직,https://www.jobkorea.co.kr/Recruit/GI_Read/50039288
jobkorea,[경복궁면세점] 보건관리자 채용,㈜경복궁면세점,서울 영등포구,보건관리자,경력 3년 이상,정규직,https://www.jobkorea.co.kr/Recruit/GI_Read/50039317
jobkorea,(주)에이스침대 안전보건 부문 채용,㈜에이스침대 여주공장,경기 여주시,보건관리자,경력무관,정규직,https://www.jobkorea.co.kr/Recruit/GI_Read/50036661
jobkorea,2026년 보훈 취업지원대상자 상시채용(보건관리),케이티,,보건관리자,신입,계약직,https://www.jobkorea.co.kr/Recruit/GI_Read/50031987
jobkorea,[삼표그룹] 삼표피앤씨㈜ 공장 안전보건담당자 채용(계약직),삼표피앤씨㈜,충북 청주시,보건관리자,경력 5년 이상,계약직,https://www.jobkorea.co.kr/Recruit/GI_Read/49983088
jobkorea,[대웅제약] 안전보건팀 경력직,㈜대웅제약,충북 청주시,보건관리자,경력 3년 이상,정규직,https://www.jobkorea.co.kr/Recruit/GI_Read/50021140
jobkorea,현장 전문기술직 상시채용 - 보건,대방산업개발,경기 시흥시 외,보건관리자,신입,계약직,https://www.jobkorea.co.kr/Recruit/GI_Read/50012930
jobkorea,기술인력 채용 - 보건,대방산업개발,경기 시흥시 외,보건관리자,신입,,https://www.jobkorea.co.kr/Recruit/GI_Read/50012897
jobkorea,2026년 신입/경력사원 상시모집 - 보건관리자,㈜서영건설플러스,전남광주 광산구,보건관리자,신입,,https://www.jobkorea.co.kr/Recruit/GI_Read/50003643
jobkorea,제조 설비OT 사업 보건관리 담당자 영입 (계약직),SK㈜ AX,경기 용인시 외,보건관리자,,계약직,https://www.jobkorea.co.kr/Recruit/GI_Read/49996788
jobkorea,[바나프레소] 본사 안전관리자/ 보건관리자 채용,㈜바나플에프엔비,서울 강남구,보건관리자,경력무관,정규직,https://www.jobkorea.co.kr/Recruit/GI_Read/49994461
jobkorea,[아우디 고진모터스] 인사총무팀 보건관리자 채용,고진모터스㈜,서울 동대문구,보건관리자,신입,정규직,https://www.jobkorea.co.kr/Recruit/GI_Read/49988973
jobkorea,"한국안전평생교육원 안전보건교육 강사 (산업안전지도사,기술사)모집 공고",㈜한국안전평생교육원,서울 금천구,보건관리자,경력 3년 이상,,https://www.jobkorea.co.kr/Recruit/GI_Read/49964815
jobkorea,[리치몬트코리아] 총무 및 보건관리자 정규직 채용 (신입 가능),㈜리치몬트코리아,서울 강남구,보건관리자,신입,정규직,https://www.jobkorea.co.kr/Recruit/GI_Read/49945844
jobkorea,지에스건설(주) 제2경춘국도현장 보건관리자 채용공고,지에스건설㈜,경기 가평군,보건관리자,경력 2년 이상,계약직,https://www.jobkorea.co.kr/Recruit/GI_Read/49924197
jobkorea,대전 로쏘(주)성심당 경영혁신본부 안전보건환경팀 보건관리자 채용,로쏘㈜,대전 중구,보건관리자,경력무관,인턴,https://www.jobkorea.co.kr/Recruit/GI_Read/49920563
jobkorea,[HYBE] 보건관리(계약직) (사업장/공연장 보건관리),㈜하이브,서울 용산구,보건관리자,경력 3년 이상,계약직,https://www.jobkorea.co.kr/Recruit/GI_Read/49853581
jobkorea,[서울반도체] 환경안전팀 보건관리자 채용,서울반도체,경기 안산시,보건관리자,경력 4년 이상,계약직,https://www.jobkorea.co.kr/Recruit/GI_Read/49799297
jobkorea,[대한안전교육협회] 산업안전보건교육 강사 채용,㈔대한안전교육협회,경기 안양시,보건관리자,경력 3년 이상,정규직,https://www.jobkorea.co.kr/Recruit/GI_Read/49771133
jobkorea,[상시채용] PJT일반직 상시채용&POOL 모집 (건축/토목/전기/플랜트/품질/안전/보건/CAD/사무/자재/반장),지에스건설,,보건관리자,경력무관,계약직,https://www.jobkorea.co.kr/Recruit/GI_Read/48421733
jobkorea,안전보건(EHS) 담당자 채용,㈜코윈디에스티,경기 평택시 외,안전관리자,경력 3년 이상,정규직,https://www.jobkorea.co.kr/Recruit/GI_Read/50137408
jobkorea,피노엔지니어링(주) 건설안전 계획서작성 업무 (안전보건대장 등),피노엔지니어링㈜,서울 서초구,안전관리자,신입,정규직,https://www.jobkorea.co.kr/Recruit/GI_Read/50131851
jobkorea,리뉴어스(주) hynix용인사업소 안전보건직 채용,리뉴어스㈜,경기 용인시,안전관리자,경력무관,정규직,https://www.jobkorea.co.kr/Recruit/GI_Read/50130457
jobkorea,상시 채용(인재DB 등록) - 보건,범양건영,,안전관리자,,,https://www.jobkorea.co.kr/Recruit/GI_Read/50126220
jobkorea,프리죤 안전보건총괄팀 경력직 직원 채용,㈜프리죤,서울 마포구,안전관리자,경력 5년 이상,정규직,https://www.jobkorea.co.kr/Recruit/GI_Read/50125088
jobkorea,계약직 산업안전기사-휴직대체(안전보건팀) 채용,국립중앙의료원,서울 중구,안전관리자,신입,계약직,https://www.jobkorea.co.kr/Recruit/GI_Read/50123023
jobkorea,"경력직 자격증 (전기기사,산업위생관리,일반기계,화공기사 등 초급 이상)",㈜누리 앤 소방.전기.안전,경기 과천시,안전관리자,경력 30년 이상,,https://www.jobkorea.co.kr/Recruit/GI_Read/50117495
jobkorea,QEHS Global EHS Manager 경력사원 모집,씨에스윈드,,안전관리자,경력 10년 이상,정규직,https://www.jobkorea.co.kr/Recruit/GI_Read/50100715
jobkorea,경력사원 정규직 채용 (보건),신영씨앤디,서울 전지역 외,안전관리자,,정규직,https://www.jobkorea.co.kr/Recruit/GI_Read/50099510
jobkorea,산업안전보건관리(안전) 기간제 채용(분당/GRC),에이치디건설기계㈜,경기 성남시,안전관리자,신입,계약직,https://www.jobkorea.co.kr/Recruit/GI_Read/50091969
jobkorea,"경력사원 정규직, PJT 채용 (건축/공무/토목/설비/전기/안전/보건)",신영씨앤디,서울 강남구 외,안전관리자,,,https://www.jobkorea.co.kr/Recruit/GI_Read/50090575
jobkorea,에쓰-오일토탈에너지스윤활유(주) HSEQ팀 경력직,에쓰-오일토탈에너지스윤활유㈜,울산 울주군,안전관리자,경력 12년 이상,정규직,https://www.jobkorea.co.kr/Recruit/GI_Read/50081986
jobkorea,[전국] 안전보건관리책임자 경력직 인재풀 등록,케이씨씨글라스,,안전관리자,,계약직,https://www.jobkorea.co.kr/Recruit/GI_Read/50073199
jobkorea,각 부문별 상시채용(보건관리),엘에스엠앤엠,울산 울주군,안전관리자,,,https://www.jobkorea.co.kr/Recruit/GI_Read/50069651
jobkorea,각 부문별 상시채용(전사 안전보건 전담),엘에스엠앤엠,울산 울주군,안전관리자,,,https://www.jobkorea.co.kr/Recruit/GI_Read/50069633
jobkorea,산업안전보건 전문인력 채용 (안전점검·컨설팅 업무/정규직),㈜더재월,대전 유성구,안전관리자,경력 1년 이상,정규직,https://www.jobkorea.co.kr/Recruit/GI_Read/50066433
jobkorea,삼성서울병원 현장 인디자인(인테리어 공사부 / 안전 /보건) 직원 모집,인디자인,서울 강남구,안전관리자,경력무관,계약직,https://www.jobkorea.co.kr/Recruit/GI_Read/50060470
jobkorea,[파인엠텍] 화성사업장 안전 환경 보건 주니어급 채용,파인엠텍,경기 화성시,안전관리자,경력 1년 이상,정규직,https://www.jobkorea.co.kr/Recruit/GI_Read/50045662
jobkorea,"[외국계 배터리 제조회사] 안전, 환경, 환경안전(EHS) 관리자 채용",디스커버믹스테크매뉴,전남광주 광산구,안전관리자,경력무관,정규직,https://www.jobkorea.co.kr/Recruit/GI_Read/50043001
jobkorea,2026년 경동물류 안전보건팀 신입사원 모집공고,경동물류,경기 김포시,안전관리자,신입,정규직,https://www.jobkorea.co.kr/Recruit/GI_Read/50027953
jobkorea,안전관리전문기관 안전보건관리체계구축 및 위험성평가컨설팅 인력구해요,한강산업안전,충북 충주시,안전관리자,경력 3년 이상,계약직,https://www.jobkorea.co.kr/Recruit/GI_Read/50024613
jobkorea,HSE Construction Supervisor (건설 현장 보건·안전·환경 감독),이오에스맨파워코리아 유한회사,경남 거제시,안전관리자,경력 3년 이상,,https://www.jobkorea.co.kr/Recruit/GI_Read/50020427
jobkorea,SHE Manager Japan,헨켈코리아,,안전관리자,경력 5년 이상,정규직,https://www.jobkorea.co.kr/Recruit/GI_Read/50019613
jobkorea,[(주)신안천사김] 산업안전보건 관리자 채용,신안천사김,전남광주 신안군,안전관리자,경력 7년 이상,정규직,https://www.jobkorea.co.kr/Recruit/GI_Read/50008530
jobkorea,"[신입/경력] 안전,환경(ESH) 관리자 모집",㈜코아텍시스템즈,경남 창원시,안전관리자,경력무관,정규직,https://www.jobkorea.co.kr/Recruit/GI_Read/50000014
jobkorea,[(주)대한안전보건교육원] 안전보건교육 계약직강사 채용,㈜대한안전보건교육원,서울 금천구,안전관리자,경력 3년 이상,계약직,https://www.jobkorea.co.kr/Recruit/GI_Read/49994347
jobkorea,마산신항운영(주) 안전보건관리자 채용,마산신항운영㈜,경남 창원시,안전관리자,경력무관,계약직,https://www.jobkorea.co.kr/Recruit/GI_Read/49992626
jobkorea,외국계 시험인증소 HSE(안전관리자) 모집,뷰로베리타스씨피에스코리아테크㈜,경기 화성시,안전관리자,경력 3년 이상,정규직,https://www.jobkorea.co.kr/Recruit/GI_Read/49992411
jobkorea,[글로벌 자동차 부품사] EHS & Admin Specialist (안전 및 총무),엘앤피자동차코리아,부산 사상구,안전관리자,경력 3년 이상,정규직,https://www.jobkorea.co.kr/Recruit/GI_Read/49982166
jobkorea,EHS 안전관리자 (김포),㈜컬리,경기 김포시,안전관리자,경력 1년 이상,정규직,https://www.jobkorea.co.kr/Recruit/GI_Read/49977230
jobkorea,산업안전보건관리담당자 채용,더원생활환경㈜,대구 수성구,안전관리자,경력 2년 이상,정규직,https://www.jobkorea.co.kr/Recruit/GI_Read/49971983
jobkorea,[반도체 중견기업] 한양디지텍 ESH 공조부문 채용,한양디지텍㈜,경기 화성시,안전관리자,경력 5년 이상,정규직,https://www.jobkorea.co.kr/Recruit/GI_Read/49964004
jobkorea,본사 안전보건관리책임자를 모집합니다.,㈜그리마건설,서울 서초구,안전관리자,경력 10년 이상,정규직,https://www.jobkorea.co.kr/Recruit/GI_Read/49837747
jobkorea,[경기 광명] 이마트 리뉴얼 안전보건조정자,㈜대용에스앤씨이,서울 노원구,안전관리자,경력 7년 이상,계약직,https://www.jobkorea.co.kr/Recruit/GI_Read/49820689
jobkorea,"[안전보건진흥원]   위험성평가·PSM·도급승인 신입, 경력직 채용",㈔안전보건진흥원,서울 금천구,안전관리자,경력 3년 이상,정규직,https://www.jobkorea.co.kr/Recruit/GI_Read/49818496
jobkorea,제약 바이오 공장 내 안전관리(EHS) 신입사원 채용 공고,㈜티에스이엔씨,인천 연수구,안전관리자,경력무관,정규직,https://www.jobkorea.co.kr/Recruit/GI_Read/49762010
remember,[쿠팡풀필먼트서비스] 안전보건조정자 (10년이상),쿠팡(주),서울 송파구,,경력 10-20년,,https://career.rememberapp.co.kr/job/posting/338591
remember,[쿠팡풀필먼트서비스] 안전보건조정자 (7년이상),쿠팡(주),서울 송파구,,경력 7-12년,,https://career.rememberapp.co.kr/job/posting/338587
remember,[쿠팡풀필먼트서비스] 물류센터 보건관리자 (용인 양지4센터),쿠팡(주),경기 용인시 처인구,,경력 3-10년,,https://career.rememberapp.co.kr/job/posting/336478
remember,[쿠팡풀필먼트서비스] 물류센터 보건관리자 (천안 3센터),쿠팡(주),충남 천안시 동남구 / 충남 천안시 서북구,,경력 3-10년,,https://career.rememberapp.co.kr/job/posting/331327
remember,[코오롱인더스트리] ESH 안전 (김천),코오롱인더스트리(주),경북 김천시,,경력 4년 이상,,https://career.rememberapp.co.kr/job/posting/335454
remember,EHS 안전관리자,(주)컬리,서울 강남구,,경력 2-5년,,https://career.rememberapp.co.kr/job/posting/343977
remember,[테라클 당진] 환경안전팀(안전보건/환경),(주)테라클,충남 당진시,,경력 5-20년,,https://career.rememberapp.co.kr/job/posting/306734
remember,글로벌 에너지 솔루션 기업_EHS,(주)프로써치코리아,서울 강남구,,경력 10-15년,,https://career.rememberapp.co.kr/job/posting/345514
remember,창녕 세아항공방산소재 EHS - 환경담당자,(주)세아항공방산소재,경남 창녕군,,경력 3-7년,,https://career.rememberapp.co.kr/job/posting/341244
remember,EHS 기획담당,브리스캔영어쏘시에이츠(주),서울 동대문구,,경력 12-15년,,https://career.rememberapp.co.kr/job/posting/338862
remember,[외국계] 이천물류센터 HSE&OE Manager 채용,지오디스코리아(주),경기 이천시,,경력 5-10년,,https://career.rememberapp.co.kr/job/posting/332973
remember,[컨피덴셜] 국내 대기업 HSE 임원,(주)프로써치코리아,서울 전체,,경력 15-22년,,https://career.rememberapp.co.kr/job/posting/301210
remember,HSE Manager,(주)프로써치코리아,전남 전체,,경력 8-15년,,https://career.rememberapp.co.kr/job/posting/290522
catch,산업안전보건팀 안전관리자 및 보건관리자 채용,코스메카코리아,충북,"간호사, 전기/소방/통신/안전",경력 5년 이상,정규직,https://www.catch.co.kr/NCS/RecruitInfoDetails/573460
catch,보건/안전관리 경력사원 채용,범한메카텍,경남,"교육기획/교재, 전기/소방/통신/안전",경력 3년 이상,기타,https://www.catch.co.kr/NCS/RecruitInfoDetails/575063
catch,(평택) 안전/보건 사무직 정규직 채용,모트라스,경기,"생산관리/공정관리/품질관리, 전기/소방/통신/안전",신입,정규직,https://www.catch.co.kr/NCS/RecruitInfoDetails/573316
catch,안전보건관리(계약직) 채용,삼표피앤씨,충북 / 경기,전기/소방/통신/안전,경력 5년 이상,계약직,https://www.catch.co.kr/NCS/RecruitInfoDetails/571606
catch,반도체중견기업 ESH그룹 공조분야 모집(경력),한양디지텍,경기,전기/소방/통신/안전,경력 5-10년,정규직,https://www.catch.co.kr/NCS/RecruitInfoDetails/571440
catch,[경력] EHS기획 담당자 채용,두산밥캣코리아,인천,"기획/전략/경영, 재무/세무/IR",경력 5년 이상,기타,https://www.catch.co.kr/NCS/RecruitInfoDetails/575261
catch,SHE_대기환경관리 채용 (금산),한국타이어앤테크놀로지,충남,"기획/전략/경영, 생산관리/공정관리/품질관리, 전기/소방/통신/안전, 환경/플랜트",경력 3년 이상,정규직,https://www.catch.co.kr/NCS/RecruitInfoDetails/558855
