source,position,company,location,category,annual_from,annual_to,employment_type,reward_total,url
wanted,프로덕트 엔지니어(프론트엔드),화해글로벌,서울 성동구,프론트엔드 개발자,3,6,regular,100만원,https://www.wanted.co.kr/wd/390388
wanted,Frontend 개발자,씨메스로보틱스,서울 강남구,프론트엔드 개발자,3,5,regular,100만원,https://www.wanted.co.kr/wd/390372
wanted,프로덕트 엔지니어(백엔드),화해글로벌,서울 성동구,프론트엔드 개발자,3,6,regular,100만원,https://www.wanted.co.kr/wd/390316
wanted,[인턴] 프론트엔드 개발자,넥스트그라운드,서울 강남구,프론트엔드 개발자,0,1,intern,100만원,https://www.wanted.co.kr/wd/390291
wanted,iOS Developer,페이타랩(패스오더),서울 강남구,프론트엔드 개발자,0,10,regular,100만원,https://www.wanted.co.kr/wd/325713
wanted,Staff Frontend Engineer (Coupang Eats),쿠팡,서울 강남구,프론트엔드 개발자,7,14,regular,100만원,https://www.wanted.co.kr/wd/376128
wanted,[쿠팡페이] Staff Front-end Engineer (Rocket Pay),쿠팡,서울 광진구,웹 개발자,7,14,regular,100만원,https://www.wanted.co.kr/wd/389697
wanted,프론트엔드 개발자 (4~10년) [역삼역],모멘티,서울 강남구,웹 개발자,4,10,regular,100만원,https://www.wanted.co.kr/wd/390311
wanted,프론트엔드 개발자 (1~3년) [역삼역],모멘티,서울 강남구,웹 개발자,1,3,regular,100만원,https://www.wanted.co.kr/wd/390310
wanted,프론트엔드 (Front-end) 개발자,인터엑스,서울 금천구,개발 매니저,3,8,regular,100만원,https://www.wanted.co.kr/wd/361323
wanted,[토스인슈어런스] Frontend Developer,비바리퍼블리카(토스),서울 구로구,웹 개발자,3,100,regular,100만원,https://www.wanted.co.kr/wd/390175
wanted,Next.js 프론트엔드 개발자,액트노바,서울 송파구,프론트엔드 개발자,2,10,regular,100만원,https://www.wanted.co.kr/wd/246909
wanted,Frontend Developer,스키프,서울 은평구,프론트엔드 개발자,0,5,regular,100만원,https://www.wanted.co.kr/wd/390097
wanted,웹 프론트 개발자 (주니어),티피씨,서울 강남구,서버 개발자,1,3,regular,100만원,https://www.wanted.co.kr/wd/322989
wanted,프론트엔드 개발자,버블탭,서울 강남구,프론트엔드 개발자,5,11,regular,100만원,https://www.wanted.co.kr/wd/389130
wanted,Frontend Engineer,타인에이아이,서울 강남구,프론트엔드 개발자,1,6,regular,100만원,https://www.wanted.co.kr/wd/389983
wanted,프론트엔드 개발자,취팡,서울 중구,프론트엔드 개발자,3,8,regular,100만원,https://www.wanted.co.kr/wd/381999
wanted,[판교/글로벌] 프론트엔드 개발자 (보충역 지원가능),이파피루스,경기 성남시,프론트엔드 개발자,4,8,regular,100만원,https://www.wanted.co.kr/wd/389913
wanted,웹 프론트엔드 개발자 (React),피트크루,서울 성동구,프론트엔드 개발자,3,10,regular,100만원,https://www.wanted.co.kr/wd/378301
wanted,[글로벌 AI 캐릭터 챗] Frontend Engineer(React Native),큐피스트(글램),서울 강남구,프론트엔드 개발자,3,8,regular,100만원,https://www.wanted.co.kr/wd/386242
wanted,Frontend Engineer,에스케이일렉링크(SK일렉링크),서울 강남구,웹 개발자,5,100,regular,100만원,https://www.wanted.co.kr/wd/383945
wanted,헬스케어 서비스 프론트엔드 개발자 [Vue.js],버터소프트,서울 종로구,웹 개발자,0,3,contract,20만원,https://www.wanted.co.kr/wd/389705
wanted,프론트엔드 엔지니어,마카롱팩토리(마이클),경기 성남시,프론트엔드 개발자,5,100,regular,100만원,https://www.wanted.co.kr/wd/388451
wanted,아보카도팀 프론트엔드 개발자 (Senior),더즌(dozn),서울 서초구,프론트엔드 개발자,7,10,regular,100만원,https://www.wanted.co.kr/wd/382585
wanted,프론트엔드 엔지니어 (NextJS),에이티씨아이,서울 금천구,프론트엔드 개발자,0,8,regular,100만원,https://www.wanted.co.kr/wd/293447
wanted,프론트엔드 개발자 (신입~3년),프로그라운드,서울 관악구,프론트엔드 개발자,0,3,regular,100만원,https://www.wanted.co.kr/wd/389595
wanted,프론트엔드·퍼블리싱 개발자 (3~5년) | React·Next.js·AI,봉이랩스,서울 강남구,웹 퍼블리셔,3,5,regular,100만원,https://www.wanted.co.kr/wd/389590
wanted,프론트엔드,제너러티브랩,서울 성북구,웹 퍼블리셔,1,5,regular,100만원,https://www.wanted.co.kr/wd/389424
wanted,[공비서] 프론트엔드 개발자 (3년차~6년차),헤렌,서울 성동구,프론트엔드 개발자,3,6,regular,100만원,https://www.wanted.co.kr/wd/336266
wanted,[공비서] 시니어 프론트엔드 개발자 (7년차~),헤렌,서울 성동구,프론트엔드 개발자,7,100,regular,100만원,https://www.wanted.co.kr/wd/361706
wanted,FrontEnd Developer (React),에이젠글로벌,서울 영등포구,프론트엔드 개발자,3,100,regular,100만원,https://www.wanted.co.kr/wd/389304
wanted,[비전 AI 플랫폼] 프론트엔드 엔지니어 (전문연구요원 가능),뉴로클,서울 강동구,프론트엔드 개발자,3,10,regular,100만원,https://www.wanted.co.kr/wd/389299
wanted,backend/frontend 개발자,울산코인,울산 중구,서버 개발자,0,5,regular,100만원,https://www.wanted.co.kr/wd/389054
wanted,[AX krewa] 프로덕트 엔지니어 (Frontend),콕스웨이브,서울 영등포구,프론트엔드 개발자,3,7,regular,100만원,https://www.wanted.co.kr/wd/388954
wanted,프론트엔드 (React Native),피피비스튜디오스(PPB Studios Co.),서울 성동구,프론트엔드 개발자,0,7,regular,100만원,https://www.wanted.co.kr/wd/349354
wanted,Full Stack Engineer - Mobile,텔어스,서울 서대문구,프론트엔드 개발자,5,10,regular,100만원,https://www.wanted.co.kr/wd/387824
wanted,"AI 채용솔루션 풀스택 개발자(NestJS, React)",인딥에이아이,서울 강남구,프론트엔드 개발자,3,7,regular,100만원,https://www.wanted.co.kr/wd/383796
wanted,Full Stack Engineer - Web,텔어스,서울 서대문구,프론트엔드 개발자,5,10,regular,100만원,https://www.wanted.co.kr/wd/387823
wanted,Frontend Engineer - 미들(리드),벳칭,서울 서초구,프론트엔드 개발자,3,7,regular,100만원,https://www.wanted.co.kr/wd/388693
wanted,[CC CTO] Frontend Engineer,커넥트웨이브,서울 금천구,프론트엔드 개발자,3,15,regular,100만원,https://www.wanted.co.kr/wd/388614
wanted,"숙박 예약·커뮤니티 플랫폼 프론트엔드 개발자(Next.js, 1-3년)",알아,서울 강남구,웹 개발자,1,100,regular,100만원,https://www.wanted.co.kr/wd/388553
wanted,프론트엔드 엔지니어 (Growth Frontend Engineer),일레븐,경기 용인시,프론트엔드 개발자,3,100,regular,100만원,https://www.wanted.co.kr/wd/375692
wanted,프론트엔드 & UI/UX 개발,더픽트,강원 춘천시,파이썬 개발자,2,3,contract,,https://www.wanted.co.kr/wd/388524
wanted,AI 통역 서비스 프론트엔드 개발자,스콘에이아이(SconAI),서울 영등포구,프론트엔드 개발자,3,7,contract,20만원,https://www.wanted.co.kr/wd/372316
wanted,프론트엔드 개발자,앵커스,서울 마포구,프론트엔드 개발자,9,15,regular,100만원,https://www.wanted.co.kr/wd/388370
wanted,AI 프로덕트 엔지니어 (5년 이상),지니파이,서울 강남구,프론트엔드 개발자,5,100,regular,100만원,https://www.wanted.co.kr/wd/388209
wanted,프론트엔드 개발자 Lead,씨디알아이(CDRI),서울 강남구,웹 개발자,5,10,regular,100만원,https://www.wanted.co.kr/wd/333190
wanted,[SIDAS] 프론트엔드 엔지니어 (1~3년차),월터워커,서울 금천구,프론트엔드 개발자,1,3,regular,100만원,https://www.wanted.co.kr/wd/388278
wanted,FullStack / FrontEnd 개발자,리브포워드,서울 종로구,웹 개발자,0,8,regular,100만원,https://www.wanted.co.kr/wd/370160
wanted,AI 제품화 풀스택 개발자,몬드리안에이아이,인천 연수구,프론트엔드 개발자,7,15,regular,100만원,https://www.wanted.co.kr/wd/388140
wanted,옥외광고 플랫폼 서비스 프론트엔드 개발자,애드메카,인천 서구,프론트엔드 개발자,2,100,regular,100만원,https://www.wanted.co.kr/wd/388099
wanted,Front-end Developer,비마이프렌즈,서울 강남구,웹 개발자,5,100,regular,100만원,https://www.wanted.co.kr/wd/305712
wanted,프론트엔드 개발자(계약직),크리에이츠,서울 서초구,프론트엔드 개발자,5,10,contract,20만원,https://www.wanted.co.kr/wd/382424
wanted,프론트엔드 개발자,크리에이츠,서울 서초구,프론트엔드 개발자,5,10,regular,100만원,https://www.wanted.co.kr/wd/382423
wanted,[Platform] 프론트엔드 웹 개발,베이글코드(Bagelcode),서울 강남구,웹 개발자,7,14,regular,100만원,https://www.wanted.co.kr/wd/298925
wanted,Frontend Engineer,딥오토,서울 강남구,웹 개발자,4,100,regular,100만원,https://www.wanted.co.kr/wd/293288
wanted,Frontend Platform Team Leader,라포랩스,서울 강남구,프론트엔드 개발자,8,12,regular,100만원,https://www.wanted.co.kr/wd/387625
wanted,B2B 탄소회계 SaaS 프론트엔드 개발자 (3년차 이상),엔츠,서울 강남구,프론트엔드 개발자,3,8,regular,100만원,https://www.wanted.co.kr/wd/383607
wanted,프론트엔드 개발자,인피니티익스체인지코리아,서울 강남구,프론트엔드 개발자,5,10,regular,100만원,https://www.wanted.co.kr/wd/387468
wanted,[AVP] 모빌리티 서비스 Frontend Engineer,현대자동차그룹 (HYUNDAI),서울 서초구,프론트엔드 개발자,8,100,regular,50만원,https://www.wanted.co.kr/wd/387544
wanted,소프트웨어 개발자,코즈코리아,서울 동대문구,프론트엔드 개발자,0,15,regular,100만원,https://www.wanted.co.kr/wd/387266
wanted,Senior Frontend Engineer (React.js),로아이,서울 강남구,웹 개발자,5,100,regular,100만원,https://www.wanted.co.kr/wd/361516
wanted,[포토이즘] Frontend Engineer,서북,서울 강남구,프론트엔드 개발자,3,6,regular,100만원,https://www.wanted.co.kr/wd/380862
wanted,[글로벌 AI Agent 스타트업] 프론트엔드 개발자,튜링,서울 강남구,프론트엔드 개발자,1,10,regular,100만원,https://www.wanted.co.kr/wd/387051
wanted,프론트엔드 개발자 (React / Next.js),모비두(소스라이브),서울 송파구,프론트엔드 개발자,5,7,regular,100만원,https://www.wanted.co.kr/wd/386933
wanted,프론트엔드 개발 리더 (React / Next.js),모비두(소스라이브),서울 송파구,프론트엔드 개발자,7,10,regular,100만원,https://www.wanted.co.kr/wd/384786
wanted,ESS-EMS 개발자,에너닷,서울 강남구,프론트엔드 개발자,1,7,regular,100만원,https://www.wanted.co.kr/wd/379271
wanted,Frontend Engineer,알티너스,서울 영등포구,프론트엔드 개발자,3,8,regular,100만원,https://www.wanted.co.kr/wd/367160
wanted,모바일 앱·웹 프론트엔드 개발자 (React Native/React),더게임,서울 성동구,프론트엔드 개발자,3,7,regular,100만원,https://www.wanted.co.kr/wd/376106
wanted,Front-end Chapter Lead,미소(miso),서울 종로구,프론트엔드 개발자,7,100,regular,100만원,https://www.wanted.co.kr/wd/376695
wanted,Front-end Engineer,미소(miso),서울 종로구,프론트엔드 개발자,3,100,regular,100만원,https://www.wanted.co.kr/wd/384561
wanted,Frontend Tech Lead (12년 이상),에이치나인,경기 성남시,프론트엔드 개발자,12,20,regular,100만원,https://www.wanted.co.kr/wd/386054
wanted,Front-End Engineer,앰버로드,서울 강남구,프론트엔드 개발자,3,10,regular,100만원,https://www.wanted.co.kr/wd/290984
wanted,프론트엔드 하이브리드 앱 개발자(React / Ionic),아이트럭,서울 서초구,프론트엔드 개발자,5,10,regular,100만원,https://www.wanted.co.kr/wd/379712
wanted,[텀블벅] 프론트엔드 개발자 (3~5년),백패커,서울 서초구,웹 개발자,3,5,regular,100만원,https://www.wanted.co.kr/wd/336520
wanted,[point3] 프론트엔드 엔지니어,바이올렛페이,서울 마포구,프론트엔드 개발자,2,4,regular,100만원,https://www.wanted.co.kr/wd/367583
wanted,Frontend Software Engineer,슈프리마,경기 성남시,"시스템,네트워크 관리자",10,15,regular,100만원,https://www.wanted.co.kr/wd/379393
wanted,[위프(WHIF)] Tech - Frontend Engineer,벙커키즈,서울 강남구,프론트엔드 개발자,3,8,regular,100만원,https://www.wanted.co.kr/wd/356758
wanted,개발팀 [React&RN 개발자],청림인베스트,인천 연수구,프론트엔드 개발자,3,5,regular,100만원,https://www.wanted.co.kr/wd/382617
wanted,B2B Front-end Developer,와드(캐치테이블),경기 성남시,프론트엔드 개발자,5,100,regular,100만원,https://www.wanted.co.kr/wd/383903
wanted,프론트엔드 개발자 팀장,누아,서울 중구,프론트엔드 개발자,8,16,regular,100만원,https://www.wanted.co.kr/wd/367207
wanted,프론트엔드 개발자,누아,서울 중구,프론트엔드 개발자,3,12,regular,100만원,https://www.wanted.co.kr/wd/118906
wanted,[쿠팡] Senior Front-end Engineer (Coupang Ads-ACI Intelligence),쿠팡,서울 광진구,웹 개발자,5,100,regular,100만원,https://www.wanted.co.kr/wd/385086
wanted,Frontend Engineer(계약직),알프레드,서울 강남구,프론트엔드 개발자,7,100,contract,20만원,https://www.wanted.co.kr/wd/382849
wanted,플랫폼 파트 - Frontend Developer (3~5년차),어스얼라이언스,서울 마포구,프론트엔드 개발자,3,5,regular,100만원,https://www.wanted.co.kr/wd/384879
wanted,프론트엔드 개발자(REACT) 3년 이상,렛유인에듀,서울 강남구,프론트엔드 개발자,3,7,regular,100만원,https://www.wanted.co.kr/wd/380888
wanted,클라이언트 엔지니어(1-3년),커버링,서울 종로구,프론트엔드 개발자,1,3,regular,100만원,https://www.wanted.co.kr/wd/380731
wanted,React / React Native 프론트엔드 개발자,준컴퍼니,인천 부평구,프론트엔드 개발자,3,100,regular,100만원,https://www.wanted.co.kr/wd/384749
wanted,Software Engineer (Frontend) - 3년 이상,샵라이브,서울 강남구,프론트엔드 개발자,3,100,regular,100만원,https://www.wanted.co.kr/wd/379738
wanted,FE 개발자 3년 이상,로비고스,인천 연수구,프론트엔드 개발자,3,100,regular,100만원,https://www.wanted.co.kr/wd/384449
wanted,[챌린저스] 프론트엔드 개발자 (3년 이상),화이트큐브,서울 강남구,웹 개발자,3,5,regular,100만원,https://www.wanted.co.kr/wd/276525
wanted,Front-end Engineer,씨드로닉스,서울 강남구,웹 개발자,3,7,regular,100만원,https://www.wanted.co.kr/wd/383936
wanted,"Frontend Engineer (MLOps, Vision AI Platform)",아이벡스,서울 서초구,웹 개발자,5,11,regular,100만원,https://www.wanted.co.kr/wd/383898
wanted,프론트엔트 개발자,키즈노트,경기 성남시,프론트엔드 개발자,7,100,regular,100만원,https://www.wanted.co.kr/wd/375746
wanted,[자리톡] 프론트엔드 개발자,자리컴퍼니,서울 성동구,웹 개발자,3,8,regular,100만원,https://www.wanted.co.kr/wd/341487
wanted,Front-end Engineer,그립랩스,서울 영등포구,웹 개발자,5,9,regular,100만원,https://www.wanted.co.kr/wd/90260
wanted,웹서비스 프론트엔드 개발자 (3년 이상),엔닷라이트,경기 성남시,프론트엔드 개발자,3,100,regular,100만원,https://www.wanted.co.kr/wd/293990
wanted,Frontend Developer,크로스이엔에프,서울 강남구,프론트엔드 개발자,5,100,regular,100만원,https://www.wanted.co.kr/wd/356358
wanted,[강남언니] 웹 프론트엔드 개발자 (디자인 시스템),힐링페이퍼(강남언니),서울 강남구,웹 개발자,5,100,regular,100만원,https://www.wanted.co.kr/wd/383387
wanted,프론트엔드 개발자(React Native) (3년차 이상),와이피랩스(커넥팅),서울 강남구,프론트엔드 개발자,3,8,regular,100만원,https://www.wanted.co.kr/wd/43273
wanted,캐릭터 AI 챗 크러쉬팝 프론트엔드 개발자 (React Native),더크리스피(Crispy),서울 강남구,프론트엔드 개발자,2,6,regular,100만원,https://www.wanted.co.kr/wd/383140
wanted,프론트엔드 엔지니어 (5년 이상/부산),더블미디어,부산 해운대구,프론트엔드 개발자,5,11,regular,100만원,https://www.wanted.co.kr/wd/382626
wanted,Software Engineer (웹 개발 / 글로벌팀),비누랩스,서울 마포구,프론트엔드 개발자,3,5,regular,100만원,https://www.wanted.co.kr/wd/383005
wanted,Frontend Engineer (2~5년차),케이존,경기 성남시,프론트엔드 개발자,2,5,regular,100만원,https://www.wanted.co.kr/wd/380188
wanted,Frontend Engineer (신입~2년차),케이존,경기 성남시,프론트엔드 개발자,0,2,regular,100만원,https://www.wanted.co.kr/wd/380436
wanted,AI-Native Engineer (Frontend) (3년 이상),팀리부뜨,서울 서초구,머신러닝 엔지니어,3,8,regular,100만원,https://www.wanted.co.kr/wd/371270
wanted,프론트엔드 개발자 (React),위펀(스낵24),서울 강남구,프론트엔드 개발자,5,10,regular,100만원,https://www.wanted.co.kr/wd/382962
wanted,프론트 개발자 (5년 이상),알피(ARPI),경기 성남시,프론트엔드 개발자,5,100,regular,100만원,https://www.wanted.co.kr/wd/382857
wanted,프론트엔드 개발자,아치서울,서울 성동구,프론트엔드 개발자,1,3,contract,20만원,https://www.wanted.co.kr/wd/382436
wanted,"[캐폴테스트] 프론트엔드 개발자 (Next.js/React, 2~7년)",캐폴랩스,서울 종로구,프론트엔드 개발자,2,7,regular,100만원,https://www.wanted.co.kr/wd/382391
wanted,[댓글몽] 프론트엔드 개발자,르몽,서울 서초구,프론트엔드 개발자,3,8,regular,100만원,https://www.wanted.co.kr/wd/382263
wanted,[공짱] 풀스택 개발자,퍼펙토리,경기 화성시,프론트엔드 개발자,0,1,regular,100만원,https://www.wanted.co.kr/wd/295986
wanted,Front-End 개발자 (3년 이상),개념원리,서울 강남구,프론트엔드 개발자,3,100,regular,100만원,https://www.wanted.co.kr/wd/382172
wanted,풀스택 개발자,뮤팟,서울 송파구,프론트엔드 개발자,3,100,regular,100만원,https://www.wanted.co.kr/wd/381634
wanted,프론트엔드 개발자 팀원 5년 ~ 10년,스튜디오프리윌루전,서울 서초구,프론트엔드 개발자,5,10,regular,100만원,https://www.wanted.co.kr/wd/381742
wanted,엔터프라이즈플랫폼유닛 Front-end,씨제이올리브영(CJ올리브영),서울 용산구,웹 개발자,5,100,regular,100만원,https://www.wanted.co.kr/wd/337446
wanted,시니어 모바일 앱 개발자 (React Native),비버웍스,서울 강남구,프론트엔드 개발자,10,100,regular,100만원,https://www.wanted.co.kr/wd/381727
wanted,[한글코딩 호랑] 프론트엔드 개발 매니저,호랑에듀,서울 서초구,프론트엔드 개발자,2,6,contract,20만원,https://www.wanted.co.kr/wd/381177
wanted,프론트엔드 개발자,아타드(ATAD),서울 강남구,프론트엔드 개발자,1,5,regular,100만원,https://www.wanted.co.kr/wd/380606
wanted,프론트엔드 개발자 (5년이상~7년이하),로위랩코리아,서울 강남구,웹 퍼블리셔,5,7,regular,100만원,https://www.wanted.co.kr/wd/380386
wanted,"프론트개발자(web, app)",스마트아이리스,충북 청주시,웹 퍼블리셔,0,1,regular,100만원,https://www.wanted.co.kr/wd/380103
wanted,[Mnet Plus] Frontend Engineer,씨제이이엔엠(CJ ENM),서울 마포구,자바 개발자,5,11,regular,100만원,https://www.wanted.co.kr/wd/380142
wanted,주니어 프론트엔드 (풀스택 성장형) 개발자,리아드코퍼레이션,서울 강남구,프론트엔드 개발자,1,5,regular,100만원,https://www.wanted.co.kr/wd/380138
wanted,웹 프론트엔드 개발자,베이글랩스,서울 서초구,프론트엔드 개발자,3,100,regular,100만원,https://www.wanted.co.kr/wd/379950
wanted,풀스택 엔지니어(Next.js) (3년 이상),풀림,서울 강남구,프론트엔드 개발자,3,7,regular,100만원,https://www.wanted.co.kr/wd/379755
wanted,FullStack 개발자 전문연구요원 [병역특례],반프,서울 강남구,프론트엔드 개발자,0,1,regular,100만원,https://www.wanted.co.kr/wd/379547
wanted,[신사업] 프론트 엔지니어 (3년 이상),풀림,서울 강남구,프론트엔드 개발자,3,5,regular,100만원,https://www.wanted.co.kr/wd/379196
wanted,프로덕트 엔지니어 ( 백엔드 ),에이아이구루,서울 서초구,프론트엔드 개발자,2,3,regular,100만원,https://www.wanted.co.kr/wd/367438
wanted,프론트 엔지니어,지신,서울 강남구,프론트엔드 개발자,5,10,regular,100만원,https://www.wanted.co.kr/wd/378559
wanted,Frontend Engineer (빗썸페이),빗썸,서울 강남구,프론트엔드 개발자,3,100,regular,,https://www.wanted.co.kr/wd/378492
wanted,"[서비스개발센터] 프론트엔드 개발자 (6년 이상, 대리급)",동아사이언스,서울 서대문구,서버 개발자,6,10,regular,100만원,https://www.wanted.co.kr/wd/378191
wanted,시니어 프론트엔드 개발자 (5년 이상),바딧,서울 금천구,웹 개발자,5,100,regular,100만원,https://www.wanted.co.kr/wd/377326
wanted,검색 플랫폼 개발자 (Front-end),씨제이올리브영(CJ올리브영),서울 용산구,프론트엔드 개발자,5,100,regular,100만원,https://www.wanted.co.kr/wd/366991
wanted,커머스플랫폼유닛 Front-end,씨제이올리브영(CJ올리브영),서울 용산구,웹 개발자,5,100,regular,100만원,https://www.wanted.co.kr/wd/337438
wanted,"Frontend Engineer, AI Agent Product",링크알파(LinqAlpha),서울 서초구,머신러닝 엔지니어,7,14,regular,100만원,https://www.wanted.co.kr/wd/375849
wanted,[병역특례 현역/보충역] 프론트엔드 개발자,넛지헬스케어(캐시워크),서울 강남구,웹 개발자,0,1,regular,100만원,https://www.wanted.co.kr/wd/168257
wanted,Front-End engineer,파트리지시스템즈,서울 강남구,프론트엔드 개발자,1,3,regular,100만원,https://www.wanted.co.kr/wd/374718
wanted,AI 네이티브 개발자,오웰헬스,서울 강남구,프론트엔드 개발자,3,10,regular,100만원,https://www.wanted.co.kr/wd/374666
wanted,프론트엔드 개발자(선임~책임급),인이지,경기 성남시,프론트엔드 개발자,5,100,contract,20만원,https://www.wanted.co.kr/wd/374289
wanted,풀필먼트 주니어 프론트엔드 개발자,컬리,서울 강남구,프론트엔드 개발자,4,100,regular,100만원,https://www.wanted.co.kr/wd/359779
wanted,풀필먼트 시니어 프론트엔드 개발자,컬리,서울 강남구,프론트엔드 개발자,8,100,regular,100만원,https://www.wanted.co.kr/wd/359782
wanted,핀테크 프론트엔드 개발자 (결제),컬리,서울 강남구,프론트엔드 개발자,3,100,regular,100만원,https://www.wanted.co.kr/wd/356194
wanted,커머스 시니어 프론트엔드 개발자,컬리,서울 강남구,프론트엔드 개발자,8,100,regular,100만원,https://www.wanted.co.kr/wd/361793
wanted,커머스 주니어 프론트엔드 개발자,컬리,서울 강남구,프론트엔드 개발자,4,100,regular,100만원,https://www.wanted.co.kr/wd/361794
wanted,프론트엔드 개발자,머진랩스,서울 강남구,프론트엔드 개발자,3,8,contract,20만원,https://www.wanted.co.kr/wd/372883
wanted,Frontend Engineer (Fleet Management System),유모스원,서울 강남구,프론트엔드 개발자,4,100,regular,100만원,https://www.wanted.co.kr/wd/373485
wanted,Frontend Engineer (TMS),유모스원,서울 강남구,프론트엔드 개발자,5,11,regular,100만원,https://www.wanted.co.kr/wd/373484
wanted,소프트웨어 엔지니어 (Frontend),사각,서울 영등포구,프론트엔드 개발자,2,7,regular,100만원,https://www.wanted.co.kr/wd/338027
wanted,AI 서비스 개발자 (React · TypeScript · Next.js),지클래스,대구 수성구,프론트엔드 개발자,2,7,regular,100만원,https://www.wanted.co.kr/wd/372866
wanted,Frontend Developer,애쉬코어테크놀로지스,서울 강남구,프론트엔드 개발자,3,8,regular,100만원,https://www.wanted.co.kr/wd/348913
wanted,React · Next.js 프론트엔드 개발자 (신입 가능),위플로우,서울,프론트엔드 개발자,0,1,regular,100만원,https://www.wanted.co.kr/wd/371907
wanted,프론트 개발자 ( Flutter / Next ),도도랩스,경기 성남시,프론트엔드 개발자,2,5,regular,100만원,https://www.wanted.co.kr/wd/306998
wanted,[2년~7년] Frontend Engineer (React / Nextjs),스펙터,서울 강남구,웹 개발자,2,7,regular,100만원,https://www.wanted.co.kr/wd/350601
wanted,FDE (Forward Deployed Engineer),팀카이,서울 강남구,프론트엔드 개발자,2,5,regular,100만원,https://www.wanted.co.kr/wd/369739
wanted,클라이언트개발팀 FE개발 담당자,엔에이치엔링크,서울 강남구,프론트엔드 개발자,5,10,regular,100만원,https://www.wanted.co.kr/wd/334027
wanted,프론트엔드 엔지니어,케이티밀리의서재,서울 마포구,프론트엔드 개발자,7,100,regular,100만원,https://www.wanted.co.kr/wd/365238
wanted,"ICT융합연구소_UI/UX Front, Backend 개발자",이즈피엠피,서울 서초구,프론트엔드 개발자,3,8,regular,100만원,https://www.wanted.co.kr/wd/321675
wanted,프론트엔드 엔지니어,딥아이,부산 기장군,웹 개발자,1,3,regular,100만원,https://www.wanted.co.kr/wd/363515
wanted,[개발팀] 프론트엔드 개발자,네이버페이비상장,서울 서초구,프론트엔드 개발자,3,7,regular,100만원,https://www.wanted.co.kr/wd/358718
wanted,시니어 프론트엔드 개발자,일루니,서울 서초구,서버 개발자,5,11,regular,100만원,https://www.wanted.co.kr/wd/360480
wanted,프론트엔드 엔지니어,엘리스,서울 강남구,웹 개발자,0,5,regular,100만원,https://www.wanted.co.kr/wd/229817
wanted,FANS / 프론트엔드 개발자 (React Native),블루개러지(Blue Garage),서울 강동구,웹 개발자,2,100,regular,100만원,https://www.wanted.co.kr/wd/358349
wanted,풀스택 개발자,디스펙터,경기 성남시,프론트엔드 개발자,3,8,regular,100만원,https://www.wanted.co.kr/wd/343884
wanted,시니어 프론트엔드 엔지니어,엘리스,서울 강남구,웹 개발자,5,15,regular,100만원,https://www.wanted.co.kr/wd/229818
wanted,소프트웨어 엔지니어 (React / Next.js / Node.js),다이버즈,서울 관악구,프론트엔드 개발자,1,5,regular,100만원,https://www.wanted.co.kr/wd/349671
wanted,Front-end Software Engineer (4년 이상),제이앤피메디(JNPMEDI),인천 연수구,서버 개발자,4,7,regular,100만원,https://www.wanted.co.kr/wd/291962
wanted,"프론트엔드 개발자 (리더, React.js 5년 이상)",코딧(CODITCorp.),서울 영등포구,웹 개발자,5,7,regular,100만원,https://www.wanted.co.kr/wd/93806
wanted,프론트엔드 개발자 (React.js 2년이상),코딧(CODITCorp.),서울 영등포구,웹 개발자,2,4,regular,100만원,https://www.wanted.co.kr/wd/216514
wanted,FE코어팀 프론트엔드 개발자(시니어),카카오페이증권(kakaopay증권),경기 성남시,프론트엔드 개발자,5,100,regular,100만원,https://www.wanted.co.kr/wd/340473
wanted,Frontend Developer (Junior),캐노피,서울 강남구,프론트엔드 개발자,1,3,regular,100만원,https://www.wanted.co.kr/wd/334112
wanted,Product Engineer (Frontend),피트,서울 강남구,프론트엔드 개발자,5,11,regular,100만원,https://www.wanted.co.kr/wd/339232
wanted,Frontend Engineer,디어니언,서울 송파구,프론트엔드 개발자,3,8,regular,100만원,https://www.wanted.co.kr/wd/336499
wanted,Front-End 개발자,데일리페이,서울 마포구,프론트엔드 개발자,2,5,regular,100만원,https://www.wanted.co.kr/wd/262790
wanted,[병역특례] Backend Developer(산업기능요원/보충역/전직),페이타랩(패스오더),서울 강남구,프론트엔드 개발자,0,10,regular,100만원,https://www.wanted.co.kr/wd/325722
wanted,Software Engineer (Application 개발),밀리만코리아(Milliman),서울 중구,프론트엔드 개발자,0,7,regular,100만원,https://www.wanted.co.kr/wd/246286
wanted,[병역특례] iOS Developer  (산업기능요원/보충역/전직),페이타랩(패스오더),서울 강남구,프론트엔드 개발자,0,10,regular,100만원,https://www.wanted.co.kr/wd/325714
wanted,프론트엔드 개발자(시니어),카카오페이증권(kakaopay증권),경기 성남시,프론트엔드 개발자,5,100,regular,100만원,https://www.wanted.co.kr/wd/311372
wanted,프론트엔드 엔지니어,마인드로직 (Mindlogic Inc.),서울 강남구,프론트엔드 개발자,3,5,regular,100만원,https://www.wanted.co.kr/wd/281116
wanted,Front-End 엔지니어,제로원에이아이,경기 성남시,프론트엔드 개발자,3,10,regular,100만원,https://www.wanted.co.kr/wd/166679
jumpit,정보지원팀 iBiz Java 개발자 채용,인젠트,서울 영등포구,프론트엔드 개발자,3,7,,50만원,https://jumpit.saramin.co.kr/position/55149737
jumpit,프론트엔드개발자 경력,송암시스콤,전남광주 나주시,프론트엔드 개발자,3,15,,50만원,https://jumpit.saramin.co.kr/position/55137102
jumpit,프론트엔드 개발자(2~4년),블루개러지,서울 강동구,"빅데이터 엔지니어,프론트엔드 개발자,크로스플랫폼 앱개발자",2,4,,50만원,https://jumpit.saramin.co.kr/position/55162042
jumpit,프론트엔드 개발자(5~7년),블루개러지,서울 강동구,"빅데이터 엔지니어,프론트엔드 개발자,크로스플랫폼 앱개발자",5,7,,50만원,https://jumpit.saramin.co.kr/position/55162092
jumpit,프론트엔드 개발자(8년~),블루개러지,서울 강동구,"빅데이터 엔지니어,프론트엔드 개발자,크로스플랫폼 앱개발자",8,20,,50만원,https://jumpit.saramin.co.kr/position/55162100
jumpit,프론트엔드 개발자 (경력),학교종이,세종,프론트엔드 개발자,2,3,,50만원,https://jumpit.saramin.co.kr/position/55136771
jumpit,프론트엔드 개발자 (경력),아인잡,서울 강남구,프론트엔드 개발자,3,10,,50만원,https://jumpit.saramin.co.kr/position/55104899
jumpit,[플랫폼개발팀] Java 개발자,델레오코리아,서울 강남구,프론트엔드 개발자,5,8,,50만원,https://jumpit.saramin.co.kr/position/55055321
jumpit,프론트엔드 개발 경력 (2~5년),텐빌리언,서울 구로구,프론트엔드 개발자,2,5,,50만원,https://jumpit.saramin.co.kr/position/55077540
jumpit,프론트엔드 개발 경력 (6~9년),텐빌리언,서울 구로구,프론트엔드 개발자,6,9,,50만원,https://jumpit.saramin.co.kr/position/55077519
jumpit,프론트엔드 개발 경력 (10년 이상),텐빌리언,서울 구로구,프론트엔드 개발자,10,13,,50만원,https://jumpit.saramin.co.kr/position/55077506
jumpit,Frontend 개발자,웨이센,서울 강남구,프론트엔드 개발자,0,0,,50만원,https://jumpit.saramin.co.kr/position/55066388
jumpit,[에너지IT기업] ESS-EMS 개발자,에너닷,서울 강남구,프론트엔드 개발자,1,3,,50만원,https://jumpit.saramin.co.kr/position/54912864
jumpit,프론트엔드 개발자,인피니티익스체인지코리아,서울 강남구,프론트엔드 개발자,5,10,,50만원,https://jumpit.saramin.co.kr/position/55062853
jumpit,Flutter 프론트엔드 개발자 채용,서울거래,서울 영등포구,프론트엔드 개발자,3,20,,50만원,https://jumpit.saramin.co.kr/position/55042859
jumpit,JavaScript 프론드엔드 개발자 채용,서울거래,서울 영등포구,프론트엔드 개발자,3,20,,50만원,https://jumpit.saramin.co.kr/position/55042843
jumpit,프론트엔드 개발자,오투플러스,경기 용인시 수지구,프론트엔드 개발자,3,10,,50만원,https://jumpit.saramin.co.kr/position/55000748
jumpit,App(React Native) 개발자(전문연구요원가능),베스텔라랩,경기 안양시 동안구,프론트엔드 개발자,2,10,,50만원,https://jumpit.saramin.co.kr/position/55011246
jumpit,프론트엔드 개발자,와탭랩스,서울 서초구,프론트엔드 개발자,3,10,,50만원,https://jumpit.saramin.co.kr/position/55013728
jumpit,Front-End 경력사원 채용,하마랩,경기 성남시,프론트엔드 개발자,3,10,,50만원,https://jumpit.saramin.co.kr/position/54964030
jobkorea,(신입/경력) 프론트엔드개발자 채용(정규직/프리랜서),㈜에이블짐정보,서울 송파구,프론트엔드개발자,,,,,https://www.jobkorea.co.kr/Recruit/GI_Read/50103009
jobkorea,인공위성기업 [루미르] 프론트엔드 개발자(UI/UX 엔지니어) 채용 (경력),루미르㈜,경기 용인시,프론트엔드개발자,5,,정규직,,https://www.jobkorea.co.kr/Recruit/GI_Read/50102197
jobkorea,프론트엔드 개발자 - 자산 서비스,㈜카카오페이,경기 성남시,프론트엔드개발자,3,,정규직,,https://www.jobkorea.co.kr/Recruit/GI_Read/50102173
jobkorea,[경력] 웹 프론트엔드/백엔드 개발자 채용 (풀스택),㈜위피아,서울 영등포구,프론트엔드개발자,3,,정규직,,https://www.jobkorea.co.kr/Recruit/GI_Read/50101541
jobkorea,(강남구청역) 기업 솔루션 프론트엔드(React) 개발 프리랜서,㈜마이플랫,서울 강남구,프론트엔드개발자,6,,프리랜서,,https://www.jobkorea.co.kr/Recruit/GI_Read/50100155
jobkorea,프론트엔드 개발자 (전환형 인턴),㈜넥스트그라운드,서울 강남구,프론트엔드개발자,,,인턴,,https://www.jobkorea.co.kr/Recruit/GI_Read/50099152
jobkorea,[아이피아] AI 프론트엔드 엔지니어 인턴직 모집,아이피아,서울 강남구,프론트엔드개발자,,,인턴,,https://www.jobkorea.co.kr/Recruit/GI_Read/50092763
jobkorea,프론트엔드 개발자,㈜아이스테이징아시아,서울 서초구,프론트엔드개발자,,,계약직,,https://www.jobkorea.co.kr/Recruit/GI_Read/50092286
jobkorea,[KT마켓] 프론트엔드 개발자를 모집합니다,케이티마켓,경남 창원시,프론트엔드개발자,,,정규직,,https://www.jobkorea.co.kr/Recruit/GI_Read/50062688
jobkorea,[티피씨/LIKEY] 웹 프론트 개발자 (주니어) 채용,㈜티피씨,서울 강남구,프론트엔드개발자,,,정규직,,https://www.jobkorea.co.kr/Recruit/GI_Read/50091744
jobkorea,백엔드 1 명   /   프론트엔드  1명   계약직 채용,넥솔,부산 부산진구,프론트엔드개발자,,,계약직,,https://www.jobkorea.co.kr/Recruit/GI_Read/50091365
jobkorea,AI 및 라이브 기반 반려동물 양육 플랫폼  프론트엔드 개발자 채용,㈜플레이웍스,서울 강남구,프론트엔드개발자,,,정규직,,https://www.jobkorea.co.kr/Recruit/GI_Read/50090006
jobkorea,커머스 프론트 개발 / 중급-고급 / react-4명 / 퍼블리싱-1명 / 10.12-연말,토피아정보기술㈜,서울 서초구 외,프론트엔드개발자,6,,프리랜서,,https://www.jobkorea.co.kr/Recruit/GI_Read/50089334
jobkorea,Frontend  개발자,씨메스로보틱스㈜,서울 강남구 외,프론트엔드개발자,3,,정규직,,https://www.jobkorea.co.kr/Recruit/GI_Read/50081113
jobkorea,[판교/글로벌기업] 프론트엔드 개발자 (보충역 지원가능),이파피루스,경기 성남시,프론트엔드개발자,4,,정규직,,https://www.jobkorea.co.kr/Recruit/GI_Read/50085944
jobkorea,프론트엔드 개발자 (React / Next.js / Python),㈜예진,서울 송파구,프론트엔드개발자,3,,정규직,,https://www.jobkorea.co.kr/Recruit/GI_Read/50084299
jobkorea,[백엔드/프론트엔드 개발자] 경력직 채용,㈜화이트스캔,서울 용산구,프론트엔드개발자,,,정규직,,https://www.jobkorea.co.kr/Recruit/GI_Read/50081788
jobkorea,(주)클릭비 프론트엔드 개발자 채용 (자사/SI),㈜클릭비,서울 영등포구,프론트엔드개발자,,,정규직,,https://www.jobkorea.co.kr/Recruit/GI_Read/50079379
jobkorea,Frontend Engineer,㈜타인에이아이,서울 강남구,프론트엔드개발자,,,정규직,,https://www.jobkorea.co.kr/Recruit/GI_Read/50078707
jobkorea,[프로젝트/광화문] 프론트 및 백엔드 개발 경력직 채용,㈜유니베이아이엔씨,서울 종로구,프론트엔드개발자,6,,,,https://www.jobkorea.co.kr/Recruit/GI_Read/50077801
jobkorea,헬스케어 서비스 프론트엔드 개발자 [Vue.js],"버터소프트(Buttersoft),㈜",서울 종로구,프론트엔드개발자,,,계약직,,https://www.jobkorea.co.kr/Recruit/GI_Read/50074937
jobkorea,[웹에이전시 ㈜뮤자인] 웹퍼블리셔/프론트 개발자 인재 채용 (1년 이상),뮤자인,서울 강동구,프론트엔드개발자,1,,정규직,,https://www.jobkorea.co.kr/Recruit/GI_Read/50074209
jobkorea,[프로젝트/서울역] 금융시스템 프론트 및 백엔드 프로그래머 채용,㈜유니베이아이엔씨,서울 중구,프론트엔드개발자,6,,,,https://www.jobkorea.co.kr/Recruit/GI_Read/50073255
jobkorea,"[정규직] 프론트엔드 - 리액트 / JS 개발,  경력(2년차 미만)  & 신입 채용",㈜세퍼드,대전 유성구,프론트엔드개발자,,,정규직,,https://www.jobkorea.co.kr/Recruit/GI_Read/50073033
jobkorea,IT 시스템 운영 프론트엔드/풀스택 개발자 모집,㈜모들소프트,서울 중구 외,프론트엔드개발자,7,,프리랜서,,https://www.jobkorea.co.kr/Recruit/GI_Read/50072394
jobkorea,[공덕/11월 투입] 프론트 (REACT) 공통 개발 프리랜서 모집 (장기),㈜마이플랫,서울 마포구,프론트엔드개발자,9,,프리랜서,,https://www.jobkorea.co.kr/Recruit/GI_Read/50072209
jobkorea,프론트개발팀 팀원 채용,㈜딜리버드코리아,부산 해운대구,프론트엔드개발자,3,,정규직,,https://www.jobkorea.co.kr/Recruit/GI_Read/50049208
jobkorea,[데일리페이] Front-End 개발자를 모십니다.,㈜데일리페이,서울 영등포구,프론트엔드개발자,,,정규직,,https://www.jobkorea.co.kr/Recruit/GI_Read/50064583
jobkorea,[본사] Frontend Engineer 상시 채용(경력),옆커폰㈜,대구 달서구,프론트엔드개발자,3,,,,https://www.jobkorea.co.kr/Recruit/GI_Read/50063911
jobkorea,클라비 기술연구소 UIUX팀 프론트엔드 개발자,㈜클라비,서울 송파구,프론트엔드개발자,3,,정규직,,https://www.jobkorea.co.kr/Recruit/GI_Read/50063790
jobkorea,(주)밸로프 프론트엔드 개발자 채용,㈜밸로프,서울 금천구,프론트엔드개발자,2,,정규직,,https://www.jobkorea.co.kr/Recruit/GI_Read/50063717
jobkorea,[에이젠글로벌] FrontEnd Developer (React),㈜에이젠글로벌,서울 영등포구,프론트엔드개발자,3,,정규직,,https://www.jobkorea.co.kr/Recruit/GI_Read/50062288
jobkorea,프론트엔드 개발자,아이디벨,경기 하남시,프론트엔드개발자,3,,,,https://www.jobkorea.co.kr/Recruit/GI_Read/50061328
jobkorea,시니어 프론트엔드 개발자 모집,㈜일루니,서울 서초구,프론트엔드개발자,5,,계약직,,https://www.jobkorea.co.kr/Recruit/GI_Read/50058169
jobkorea,드론 기반 3D 지도 플랫폼 프론트엔드 개발자 채용,수성엔지니어링,서울 송파구,프론트엔드개발자,2,,정규직,,https://www.jobkorea.co.kr/Recruit/GI_Read/50055254
jobkorea,[신입 가능] 프론트엔드 개발자 채용(채용시 마감),㈜뉴제스트,경기 구리시,프론트엔드개발자,,,정규직,,https://www.jobkorea.co.kr/Recruit/GI_Read/50054512
jobkorea,"NEZOT 주식회사[일본] Expert Programmer(Front-End, Back-End)",NEZOT㈜,,프론트엔드개발자,2,,정규직,,https://www.jobkorea.co.kr/Recruit/GI_Read/50051964
jobkorea,일본에서 일하실 프론트엔드 개발자를 구합니다.,㈜테코,,프론트엔드개발자,1,,정규직,,https://www.jobkorea.co.kr/Recruit/GI_Read/50050518
jobkorea,헬스케어 BE/FE 개발 (경력) - 헬스케어 Web Frontend 개발,㈜NAVER,경기 성남시,프론트엔드개발자,,,정규직,,https://www.jobkorea.co.kr/Recruit/GI_Read/50048937
jobkorea,ㅇㅇ은행 콜센터 상담시스템 고도화  - 프론트 개발자,㈜에스랩,서울 중구,프론트엔드개발자,,,프리랜서,,https://www.jobkorea.co.kr/Recruit/GI_Read/50047410
jobkorea,[프리랜서 or 계약직] 프론트엔드 개발자  (React·Canvas),오리누㈜,경기 화성시,프론트엔드개발자,3,,,,https://www.jobkorea.co.kr/Recruit/GI_Read/50046261
jobkorea,"프론트(React)개발부문 (프리랜서 / PG,정산,결제,커머스 등 경험우대)",㈜레노소프트,경기 성남시,프론트엔드개발자,7,,프리랜서,,https://www.jobkorea.co.kr/Recruit/GI_Read/50046219
jobkorea,[아이피아] AI 프론트엔드 엔지니어 모집,아이피아,서울 강남구,프론트엔드개발자,,,정규직,,https://www.jobkorea.co.kr/Recruit/GI_Read/50045937
jobkorea,공동주택 입찰플랫폼 프론트엔드 Next.js 개발자 경력 채용,㈜아파트장터(apateujan,경기 수원시,프론트엔드개발자,3,,정규직,,https://www.jobkorea.co.kr/Recruit/GI_Read/50045607
jobkorea,[코스닥/GTX킨텍스역위치]프론트엔드 개발자 채용합니다.,㈜뉴엔에이아이,경기 고양시,프론트엔드개발자,,,계약직,,https://www.jobkorea.co.kr/Recruit/GI_Read/50044880
jobkorea,바이오리서치에이아이 Frontend Engineer 채용,㈜바이오리서치에이아이,서울 강남구,프론트엔드개발자,1,,,,https://www.jobkorea.co.kr/Recruit/GI_Read/50043453
jobkorea,C# FrontEnd 개발자 채용,㈜씨에스피아이,경기 수원시 외,프론트엔드개발자,2,,정규직,,https://www.jobkorea.co.kr/Recruit/GI_Read/50041490
jobkorea,Frontend Engineer (클라이언트 플랫폼),넥스트증권㈜,서울 영등포구,프론트엔드개발자,,,정규직,,https://www.jobkorea.co.kr/Recruit/GI_Read/50041312
jobkorea,Frontend Engineer (채널 서비스),넥스트증권㈜,서울 영등포구,프론트엔드개발자,,,정규직,,https://www.jobkorea.co.kr/Recruit/GI_Read/50041292
jobkorea,Frontend Engineer (채널 서비스/클라이언트 플랫폼),넥스트증권㈜,서울 영등포구,프론트엔드개발자,,,정규직,,https://www.jobkorea.co.kr/Recruit/GI_Read/50041280
jobkorea,[CC CTO] Frontend Engineer,㈜커넥트웨이브,서울 금천구,프론트엔드개발자,3,,정규직,,https://www.jobkorea.co.kr/Recruit/GI_Read/50040393
jobkorea,"[경력]React Native, Web 프론트엔드, 하이브리드 앱 개발자 (AI코딩)",㈜큐센텍,서울 영등포구,프론트엔드개발자,3,,정규직,,https://www.jobkorea.co.kr/Recruit/GI_Read/50038417
jobkorea,(주)엘토브 - AX사업부 퍼블리셔(프론트)개발 경력 채용,㈜엘토브,서울 강남구,프론트엔드개발자,5,,,,https://www.jobkorea.co.kr/Recruit/GI_Read/50038107
jobkorea,"숙박 예약·커뮤니티 플랫폼 프론트엔드 개발자(Next.js, 1-3년)",㈜알아,서울 강남구,프론트엔드개발자,1,,정규직,,https://www.jobkorea.co.kr/Recruit/GI_Read/50037537
jobkorea,[베트남] 개발자 채용(앱개발자/프론트엔드/백엔드/AI엔지니어),주식회사 솔트룩스,서울 송파구 외,프론트엔드개발자,,,정규직,,https://www.jobkorea.co.kr/Recruit/GI_Read/50034227
jobkorea,[가산] 프론트 개발자(신입/경력) 채용,로동,서울 금천구,프론트엔드개발자,,,,,https://www.jobkorea.co.kr/Recruit/GI_Read/50034198
jobkorea,"JAVA,프론트, 백엔드개발자(장기프로젝트)/프리,정규직(가산디지털)",㈜미래인테크놀러지,서울 금천구,프론트엔드개발자,,,,,https://www.jobkorea.co.kr/Recruit/GI_Read/50033779
jobkorea,AI 통역 서비스 프론트엔드 개발자 채용(경력3년이상),스콘에이아이㈜,서울 영등포구,프론트엔드개발자,3,,계약직,,https://www.jobkorea.co.kr/Recruit/GI_Read/50033657
jobkorea,[월터워커] 프론트엔드 엔지니어 (경력),유한회사 월터워커,서울 금천구,프론트엔드개발자,1,,정규직,,https://www.jobkorea.co.kr/Recruit/GI_Read/50030755
jobkorea,"[AI취업캠프] UX/UI디자인&웹기획 프론트엔드 부트캠프(피그마,React.js)",㈜이젠아카데미,서울 서초구 외,프론트엔드개발자,,,,,https://www.jobkorea.co.kr/Recruit/GI_Read/50026119
jobkorea,adro 프론트엔드 웹 개발자 신규채용,㈜에이드로(Adro Inc.),경기 용인시,프론트엔드개발자,,,,,https://www.jobkorea.co.kr/Recruit/GI_Read/50018758
jobkorea,모바일 앱·웹 프론트엔드 개발자 (React Native/React),㈜더게임,서울 성동구,프론트엔드개발자,3,,정규직,,https://www.jobkorea.co.kr/Recruit/GI_Read/50017847
jobkorea,"[신입/경력] Web 프론트엔드 개발자 모집(스마트팩토리, AI 솔루션)",㈜세인티,서울 강서구,프론트엔드개발자,,,,,https://www.jobkorea.co.kr/Recruit/GI_Read/50016263
jobkorea,솔루션구축프로젝트 Frontend개발자 채용 Vue3,싸이웰인티그레이션,서울 강남구,프론트엔드개발자,4,,,,https://www.jobkorea.co.kr/Recruit/GI_Read/50016034
jobkorea,보험사 UI 개발  jsp 프론트앤드,㈜비전인사이드,서울 동대문구,프론트엔드개발자,2,,,,https://www.jobkorea.co.kr/Recruit/GI_Read/50010988
jobkorea,[광고대행사] Front-end 개발 경력 모집 (경력 3년 이상),㈜에이원미디어그룹코리아,서울 강남구,프론트엔드개발자,3,,정규직,,https://www.jobkorea.co.kr/Recruit/GI_Read/50008768
jobkorea,"프론트/백엔드 개발자, Infra 구축/운영 경력자 채용",인더포레스트,서울 서초구,프론트엔드개발자,1,,,,https://www.jobkorea.co.kr/Recruit/GI_Read/50008706
jobkorea,메디맵(주) 의료 플랫폼 프론트엔드개발자 (2년 이상),메디맵㈜,서울 강남구,프론트엔드개발자,2,,,,https://www.jobkorea.co.kr/Recruit/GI_Read/50004937
jobkorea,프론트엔드 개발자,㈜인피니티익스체인지코리아,서울 강남구,프론트엔드개발자,5,,정규직,,https://www.jobkorea.co.kr/Recruit/GI_Read/50004325
jobkorea,옥외광고 플랫폼 서비스 프론트엔드 개발자 채용,㈜애드메카,인천 서해구 외,프론트엔드개발자,2,,정규직,,https://www.jobkorea.co.kr/Recruit/GI_Read/50004213
jobkorea,[온하우스] 프론트엔드 개발자,㈜직방,서울 강남구,프론트엔드개발자,3,,정규직,,https://www.jobkorea.co.kr/Recruit/GI_Read/50003281
jobkorea,[ppb studios] 프론트엔드 (React Native),㈜피피비스튜디오스,서울 성동구,프론트엔드개발자,,,정규직,,https://www.jobkorea.co.kr/Recruit/GI_Read/49996583
jobkorea,프론트엔드 엔지니어 채용 (Next.js·React·TypeScript),㈜마켓파일럿,서울 금천구,프론트엔드개발자,,,정규직,,https://www.jobkorea.co.kr/Recruit/GI_Read/49992924
jobkorea,[경력] IT 서비스기획. 프론트개발자. 백엔드개발자 채용,㈜비알오,서울 영등포구,프론트엔드개발자,3,,,,https://www.jobkorea.co.kr/Recruit/GI_Read/49989032
jobkorea,"[산타] AI 활용 프론트엔드 개발자 (부산, 시니어급)",㈜산타,부산 해운대구,프론트엔드개발자,3,,정규직,,https://www.jobkorea.co.kr/Recruit/GI_Read/49988678
jobkorea,프론트엔드 개발자 (5-7년),로위랩코리아,서울 강남구,프론트엔드개발자,5,,정규직,,https://www.jobkorea.co.kr/Recruit/GI_Read/49986267
jobkorea,웹 프론트엔드 및 모바일 앱(iOS/AOS) 개발자 모십니다.,㈜유탑소프트,서울 강남구,프론트엔드개발자,3,,,,https://www.jobkorea.co.kr/Recruit/GI_Read/49985865
jobkorea,프론트엔드 개발자 채용,아타드㈜(ATAD Corp.,서울 서초구,프론트엔드개발자,1,,정규직,,https://www.jobkorea.co.kr/Recruit/GI_Read/49985186
jobkorea,프론트엔드 개발자,아타드㈜(ATAD Corp.,서울 서초구,프론트엔드개발자,1,,정규직,,https://www.jobkorea.co.kr/Recruit/GI_Read/49985122
jobkorea,[아캐인] AI 영상 제작 플랫폼 VIVID 프론트엔드 개발자 (경력 5년 이상),㈜아캐인,서울 용산구,프론트엔드개발자,5,,정규직,,https://www.jobkorea.co.kr/Recruit/GI_Read/49977338
jobkorea,금융/결제 시스템 개발자 (백엔드/프론트엔드/모바일) 인재 모집합니다.,컴즈㈜,서울 구로구,프론트엔드개발자,3,,,,https://www.jobkorea.co.kr/Recruit/GI_Read/49976251
jobkorea,차세대 AI 플랫폼을 함께 만들 프론트엔드 개발자 모집,㈜파워큐브코리아,경기 의왕시,프론트엔드개발자,,,정규직,,https://www.jobkorea.co.kr/Recruit/GI_Read/49976162
jobkorea,Frontend Tech Lead (12년 이상),㈜에이치나인,경기 성남시,프론트엔드개발자,12,,,,https://www.jobkorea.co.kr/Recruit/GI_Read/49974357
jobkorea,프론트 엔지니어,㈜라이온로보틱스,대전 유성구,프론트엔드개발자,5,,정규직,,https://www.jobkorea.co.kr/Recruit/GI_Read/49971873
jobkorea,[써로마인드] 풀스택 · 프론트엔드 · 백엔드 개발자 채용,㈜써로마인드,서울 관악구 외,프론트엔드개발자,5,,정규직,,https://www.jobkorea.co.kr/Recruit/GI_Read/49970867
jobkorea,프론트엔드 개발자 정규직 채용,주식회사 퓨잇,서울 강서구,프론트엔드개발자,1,,정규직,,https://www.jobkorea.co.kr/Recruit/GI_Read/49968950
jobkorea,[MIPPIA] 프론트엔드 개발자 (경력 2년 이상 모집,㈜미피아(Mippia Inc.,서울 서대문구,프론트엔드개발자,2,,정규직,,https://www.jobkorea.co.kr/Recruit/GI_Read/49968360
jobkorea,[정규직] JAVA Backend 및 Frontend 개발 인재 모집,토라웨어㈜,경기 의왕시,프론트엔드개발자,3,,정규직,,https://www.jobkorea.co.kr/Recruit/GI_Read/49966725
jobkorea,[(주)소다시스템]웹 서비스 플랫폼 풀스택 개발자 영입 (프론트/백엔드),㈜소다시스템,경기 안양시,프론트엔드개발자,3,,정규직,,https://www.jobkorea.co.kr/Recruit/GI_Read/49958397
jobkorea,모빌러그) 프론트엔드 개발자 채용 공고,㈜모빌러그,서울 광진구,프론트엔드개발자,5,,,,https://www.jobkorea.co.kr/Recruit/GI_Read/49956898
jobkorea,[딥브레인AI] 프론트엔드 개발자(Frontend Engineer) 채용,딥브레인 AI,서울 강남구,프론트엔드개발자,3,,정규직,,https://www.jobkorea.co.kr/Recruit/GI_Read/49956044
jobkorea,금융권 Vue.js 개발자 모집 서버단&프론트 풀스팩 모집,㈜유윙,서울 영등포구,프론트엔드개발자,8,,,,https://www.jobkorea.co.kr/Recruit/GI_Read/49951957
jobkorea,자동차 비교견적 서비스 프론트엔드&백엔드 개발자 채용,㈜너드소프트,서울 송파구,프론트엔드개발자,,,정규직,,https://www.jobkorea.co.kr/Recruit/GI_Read/49949624
jobkorea,"백엔드&프론트개발부문 (프리랜서 / PG,정산,결제,커머스 등 경험우대)",㈜레노소프트,경기 성남시,프론트엔드개발자,7,,프리랜서,,https://www.jobkorea.co.kr/Recruit/GI_Read/49949512
jobkorea,글로벌 프로젝트의 프론트엔드 개발을 리딩 할 인재를 모십니다.,㈜스카이앤드,서울 강서구,프론트엔드개발자,5,,,,https://www.jobkorea.co.kr/Recruit/GI_Read/49949103
jobkorea,[경력] 프론트엔드 개발자(Web Application),㈜아이페이지온,서울 강남구,프론트엔드개발자,3,,정규직,,https://www.jobkorea.co.kr/Recruit/GI_Read/49946284
jobkorea,[캐시워크] 프론트엔드개발 채용전환형 인턴,넛지헬스케어㈜,서울 강남구,프론트엔드개발자,,,인턴,,https://www.jobkorea.co.kr/Recruit/GI_Read/49941045
jobkorea,주식회사 큐비틱 프론트엔드 개발자 신규채용,㈜큐비틱,서울 강남구,프론트엔드개발자,,,,,https://www.jobkorea.co.kr/Recruit/GI_Read/49942187
jobkorea,[도쿄근무]프론트 엔지니어 경력모집(일본어 필수),이이넥서스,,프론트엔드개발자,1,,,,https://www.jobkorea.co.kr/Recruit/GI_Read/49940573
jobkorea,[(주)로위랩코리아]프론트 개발자 경력  채용,로위랩코리아,서울 강남구,프론트엔드개발자,5,,정규직,,https://www.jobkorea.co.kr/Recruit/GI_Read/49938564
jobkorea,프론트엔드 개발자,이너버스,서울 영등포구,프론트엔드개발자,5,,정규직,,https://www.jobkorea.co.kr/Recruit/GI_Read/49935743
jobkorea,[신차연구소 카랩] React / React Native 프론트엔드 개발자,㈜준컴퍼니,인천 부평구,프론트엔드개발자,3,,정규직,,https://www.jobkorea.co.kr/Recruit/GI_Read/49929121
jobkorea,[캐시워크애즈] 프론트엔드개발 산업기능요원 모집,넛지헬스케어㈜,서울 강남구,프론트엔드개발자,,,병역특례,,https://www.jobkorea.co.kr/Recruit/GI_Read/49923704
jobkorea,[킬로] 프론트엔드개발 산업기능요원 모집,넛지헬스케어㈜,서울 강남구,프론트엔드개발자,,,병역특례,,https://www.jobkorea.co.kr/Recruit/GI_Read/49844964
jobkorea,NOS 풀스택 개발자 (Frontend + Backend · 외근 가능),㈜잉카인터넷,서울 강서구,프론트엔드개발자,,,정규직,,https://www.jobkorea.co.kr/Recruit/GI_Read/49923283
jobkorea,웹/앱 프론트엔드 개발자 채용,㈜파란샘,서울 중구,프론트엔드개발자,,,,,https://www.jobkorea.co.kr/Recruit/GI_Read/49917562
jobkorea,[웹젠] 프론트엔드 개발(경력),㈜웹젠,경기 성남시,프론트엔드개발자,8,,정규직,,https://www.jobkorea.co.kr/Recruit/GI_Read/49910335
jobkorea,Frontend Engineer,에스케이일렉링크㈜,서울 강남구,프론트엔드개발자,5,,정규직,,https://www.jobkorea.co.kr/Recruit/GI_Read/49901260
jobkorea,프론트엔드 개발자,앵커스,서울 마포구,프론트엔드개발자,9,,정규직,,https://www.jobkorea.co.kr/Recruit/GI_Read/49899300
jobkorea,"(주)디오 AI Platform 프론트엔드(UI,UX)",㈜디오,서울 강서구,프론트엔드개발자,6,,정규직,,https://www.jobkorea.co.kr/Recruit/GI_Read/49896235
jobkorea,[단기·정규직] 글로벌 AI SaaS/App 실험 프론트엔드 개발자 | 재택근무 가능,"㈜엑스넥시(XNEXICo.,Ltd.)",서울 전지역,프론트엔드개발자,3,,,,https://www.jobkorea.co.kr/Recruit/GI_Read/49893939
jobkorea,프론트엔드(Frontend) 개발(UI개발 - 중급)모집,에스티컴,서울 영등포구,프론트엔드개발자,5,,,,https://www.jobkorea.co.kr/Recruit/GI_Read/49886874
jobkorea,네트워크 보안의 미래를 설계할 프론트엔드 개발자를 모십니다.,㈜씨큐비스타,경기 성남시,프론트엔드개발자,,,정규직,,https://www.jobkorea.co.kr/Recruit/GI_Read/49885752
jobkorea,[전남 나주] 프론트엔드 개발자 모집,렉스이노베이션㈜,전남광주 나주시,프론트엔드개발자,4,,정규직,,https://www.jobkorea.co.kr/Recruit/GI_Read/49882567
jobkorea,KS오토플랜ㅣ프론트엔드 개발자 / 백엔드 개발자 채용,㈜케이에스오토플랜,인천 연수구,프론트엔드개발자,1,,정규직,,https://www.jobkorea.co.kr/Recruit/GI_Read/49876256
jobkorea,프론트엔드 엔지니어 (부산),㈜더블미디어,부산 해운대구,프론트엔드개발자,5,,정규직,,https://www.jobkorea.co.kr/Recruit/GI_Read/49871197
jobkorea,[계약직]Next.js/React 기반 챗봇 대화 인터페이스 프론트엔드 개발자 모집,㈜미니게이트,서울 강남구,프론트엔드개발자,2,,,,https://www.jobkorea.co.kr/Recruit/GI_Read/49865895
jobkorea,㈜그로브소프트  Frontend 개발 경력자 채용 (10년이상),㈜그로브소프트,서울 용산구,프론트엔드개발자,10,,,,https://www.jobkorea.co.kr/Recruit/GI_Read/49865400
jobkorea,프론트엔드 개발자 (경력),㈜학교종이,세종 전지역,프론트엔드개발자,2,,계약직,,https://www.jobkorea.co.kr/Recruit/GI_Read/49863122
jobkorea,DB 성능 모니터링(DPM/APM) 프론트엔드 개발자,마이스터정보기술㈜,서울 마포구,프론트엔드개발자,6,,프리랜서,,https://www.jobkorea.co.kr/Recruit/GI_Read/49860410
jobkorea,[알티비온] 드론 기반 3D 지도 플랫폼 프론트엔드 개발자 채용,㈜알티비온,서울 송파구,프론트엔드개발자,2,,정규직,,https://www.jobkorea.co.kr/Recruit/GI_Read/49860064
jobkorea,2026년 하반기 FrontEnd 개발자 채용,㈜에이엠티정보,서울 성동구,프론트엔드개발자,1,,정규직,,https://www.jobkorea.co.kr/Recruit/GI_Read/49851178
jobkorea,"프론트엔드엔지니어-MLOps,Vision AI",㈜아이벡스,서울 서초구,프론트엔드개발자,5,,정규직,,https://www.jobkorea.co.kr/Recruit/GI_Read/49849105
jobkorea,[FAP팀] 프론트엔드 개발자 채용,㈜알티넷솔루션,서울 강남구,프론트엔드개발자,1,,정규직,,https://www.jobkorea.co.kr/Recruit/GI_Read/49846515
jobkorea,프론트엔드 개발자 (React),㈜위펀,서울 강남구 외,프론트엔드개발자,5,,정규직,,https://www.jobkorea.co.kr/Recruit/GI_Read/49841992
jobkorea,[Mnet Plus] Frontend Engineer 경력채용,CJ ENM,서울 마포구,프론트엔드개발자,,,정규직,,https://www.jobkorea.co.kr/Recruit/GI_Read/49827546
jobkorea,"HD현대그룹-(주)메디플러스솔루션 - 웹서비스 개발자 (프론트엔드, React)",㈜메디플러스솔루션,서울 종로구,프론트엔드개발자,,,정규직,,https://www.jobkorea.co.kr/Recruit/GI_Read/49812518
jobkorea,[경력/신입] SysMasterDB 프론트엔드 개발(전문연구요원 가능),㈜티맥스티베로,경기 성남시,프론트엔드개발자,,,정규직,,https://www.jobkorea.co.kr/Recruit/GI_Read/49798049
jobkorea,[슈프리마] Frontend Software Engineer 모집,㈜슈프리마,경기 성남시,프론트엔드개발자,10,,정규직,,https://www.jobkorea.co.kr/Recruit/GI_Read/49804139
jobkorea,모바일/프론트엔드 개발자 채용,㈜애드락애드버테인먼트,서울 송파구,프론트엔드개발자,,,정규직,,https://www.jobkorea.co.kr/Recruit/GI_Read/49800917
jobkorea,[인라이플] 프론트엔드 개발자(Vue),㈜인라이플,서울 구로구,프론트엔드개발자,6,,,,https://www.jobkorea.co.kr/Recruit/GI_Read/49778973
jobkorea,[위프(WHIF)] Tech - Frontend Engineer,㈜벙커키즈,서울 강남구,프론트엔드개발자,3,,,,https://www.jobkorea.co.kr/Recruit/GI_Read/49773220
jobkorea,[(주)일루넥스] 웹 프로그래머(프론트) 경력 채용(3년 이상),청년취업사관학교,경기 고양시,프론트엔드개발자,,,정규직,,https://www.jobkorea.co.kr/Recruit/GI_Read/49771491
jobkorea,26년 하반기 N2AI IT 개발팀 프론트엔드 개발자(React) 채용.,엔투에이아이㈜,서울 영등포구,프론트엔드개발자,2,,정규직,,https://www.jobkorea.co.kr/Recruit/GI_Read/49769453
jobkorea,[취팡] UI/UX 디자이너·프론트엔드 개발자 채용,㈜취팡,서울 중구,프론트엔드개발자,,,,,https://www.jobkorea.co.kr/Recruit/GI_Read/49765132
jobkorea,"[광주/나주] 응용SW개발자(백엔드, 프론트엔드) 모집",㈜앤솔루션,전남광주 나주시 외,프론트엔드개발자,1,,,,https://www.jobkorea.co.kr/Recruit/GI_Read/49758744
jobkorea,[캐시워크-병역특례] 프론트엔드개발 병역특례 대상자 모집,넛지헬스케어㈜,서울 강남구,프론트엔드개발자,,,병역특례,,https://www.jobkorea.co.kr/Recruit/GI_Read/49748667
jobkorea,프론트엔드 개발자 (휴직대체),㈜알라딘커뮤니케이션,서울 중구,프론트엔드개발자,3,,계약직,,https://www.jobkorea.co.kr/Recruit/GI_Read/49751091
jobkorea,[KB금융그룹 계열] KB헬스케어 프론트엔드 개발자 채용,㈜케이비헬스케어,서울 강남구,프론트엔드개발자,3,,정규직,,https://www.jobkorea.co.kr/Recruit/GI_Read/49745671
jobkorea,"[경력] (주)더솔트 프론트엔드 (웹,앱) 가능하신 분을 모집합니다.",더솔트,서울 구로구,프론트엔드개발자,2,,정규직,,https://www.jobkorea.co.kr/Recruit/GI_Read/49730251
jobkorea,전자금융업자 프론트엔드 서비스 개발/운영,㈜페이솔루스,서울 송파구,프론트엔드개발자,3,,정규직,,https://www.jobkorea.co.kr/Recruit/GI_Read/49727325
catch,[JNPMEDI] Front-end Software Engineer,제이앤피메디,인천,웹개발,4,,정규직,,https://www.catch.co.kr/NCS/RecruitInfoDetails/572916
catch,[포토이즘] Frontend Engineer 채용,서북,,웹개발,3,,기타,,https://www.catch.co.kr/NCS/RecruitInfoDetails/572054
catch,프론트엔드 개발자 (전환형 인턴) 채용,넥스트그라운드,서울,웹개발,,,인턴,,https://www.catch.co.kr/NCS/RecruitInfoDetails/570760
catch,[AVP] 모빌리티 서비스 Frontend Engineer 채용,현대자동차,서울,웹개발,8,,기타,,https://www.catch.co.kr/NCS/RecruitInfoDetails/568223
catch,Mnet Plus_Frontend Engineer_경력채용 ,CJ ENM,서울,"웹개발, 응용프로그램개발, ERP/시스템개발/설계",5,,정규직,,https://www.catch.co.kr/NCS/RecruitInfoDetails/559925
catch,웹 개발자 (프론트엔드/백엔드),이스트게임즈,서울,"웹개발, 웹기획/PM/웹마케팅",3,,정규직,,https://www.catch.co.kr/NCS/RecruitInfoDetails/525564
remember,Frontend Engineer (채널 서비스·클라이언트 플랫폼),넥스트증권(주),서울 영등포구,프론트엔드,5,,,,https://career.rememberapp.co.kr/job/posting/344750
remember,프로덕트 엔지니어(프론트엔드),(주)화해글로벌,서울 성동구,"백엔드, 프론트엔드, 풀스택",3,6,,,https://career.rememberapp.co.kr/job/posting/344747
remember,[로켓페이] Front-end Engineer (프론트엔드 엔지니어),쿠팡(주),서울,프론트엔드,8,20,,,https://career.rememberapp.co.kr/job/posting/344566
remember,[LIKEY] 웹 프론트 개발자 (주니어),(주)티피씨,서울 강남구,프론트엔드,1,3,,,https://career.rememberapp.co.kr/job/posting/344495
remember,[판교/글로벌기업] 프론트엔드 개발자 (보충역 지원가능),(주)이파피루스,경기 성남시 분당구,"프론트엔드, 풀스택, 웹퍼블리싱, SW개발 기타",4,8,,,https://career.rememberapp.co.kr/job/posting/344246
remember,"[머신비전/장비 제조업] Frontend Engineer (MLOps, Vision AI Platform)",(주)아이벡스,서울 서초구,"프론트엔드, AI·ML·DL, MLOps",2,7,,,https://career.rememberapp.co.kr/job/posting/344231
remember,프론트엔드 개발자(신입~8년),(주)제네시스네스트,경기 용인시 수지구,"프론트엔드, 풀스택",,,,,https://career.rememberapp.co.kr/job/posting/344188
remember,프론트엔드 개발자 팀장,(주)누아,서울 중구,프론트엔드,8,20,,,https://career.rememberapp.co.kr/job/posting/318839
remember,프론트엔드 엔지니어,주식회사 케이티 밀리의서재,서울 마포구,프론트엔드,7,10,,,https://career.rememberapp.co.kr/job/posting/316931
remember,[쿠팡페이] Frontend 개발자 (Rocket Pay),쿠팡(주),서울 광진구,프론트엔드,8,20,,,https://career.rememberapp.co.kr/job/posting/343996
remember,프론트엔드 개발,(주)버블탭,서울 강남구,프론트엔드,5,11,,,https://career.rememberapp.co.kr/job/posting/343306
remember,프론트엔드 엔지니어 (Growth Frontend Engineer),(주)일레븐,경기 용인시 수지구,프론트엔드,3,,,,https://career.rememberapp.co.kr/job/posting/327825
remember,프론트엔드 개발자,(주)인피니티익스체인지코리아,서울 강남구,"프론트엔드, 풀스택, 블록체인, 웹퍼블리싱",5,8,,,https://career.rememberapp.co.kr/job/posting/341688
remember,Frontend Platform Team Leader,(주)라포랩스,서울 강남구,프론트엔드,8,12,,,https://career.rememberapp.co.kr/job/posting/341815
remember,Frontend Software Engineer,(주)리멤버앤컴퍼니,서울 강남구,프론트엔드,3,7,,,https://career.rememberapp.co.kr/job/posting/188446
remember,이커머스 플랫폼 프론트 개발자,(주)버킷스토어,서울 강남구,"프론트엔드, 풀스택, 웹퍼블리싱, DevOps, QA·테스터·검증",8,15,,,https://career.rememberapp.co.kr/job/posting/339564
remember,"[쿠팡] Senior, Frontend Engineer (Coupang Ads-ACI Intelligence)",쿠팡(주),서울 광진구,프론트엔드,5,,,,https://career.rememberapp.co.kr/job/posting/339420
remember,Tech - Frontend Engineer,(주)벙커키즈,서울 강남구,"프론트엔드, 풀스택",3,,,,https://career.rememberapp.co.kr/job/posting/338877
remember,프론트엔드 개발자 (지그재그 서비스),(주)카카오스타일,경기 성남시 분당구,프론트엔드,5,,,,https://career.rememberapp.co.kr/job/posting/338611
remember,프론트엔드 개발자,(주)누아,서울 중구,프론트엔드,3,12,,,https://career.rememberapp.co.kr/job/posting/337917
remember,B2B Front-end Developer,캐치테이블,경기 성남시 분당구,프론트엔드,5,10,,,https://career.rememberapp.co.kr/job/posting/337909
remember,Frontend Engineer,SK일렉링크(주),서울 강남구,프론트엔드,5,,,,https://career.rememberapp.co.kr/job/posting/337884
remember,React Web Frontend 개발자,(주)미래로시스템,경기 용인시 기흥구,"프론트엔드, 풀스택, 응용 프로그램, SW개발 기타",,,,,https://career.rememberapp.co.kr/job/posting/336538
remember,프론트엔드 개발자,(주)샐러드랩,서울 강남구,"프론트엔드, 풀스택",3,7,,,https://career.rememberapp.co.kr/job/posting/313985
remember,[강남언니] 웹 프론트엔드 개발자 (디자인 시스템),(주)힐링페이퍼,서울 강남구,"프론트엔드, SW개발 기타",5,,,,https://career.rememberapp.co.kr/job/posting/337190
remember,"프론트엔드 엔지니어(부산, 5년 이상)",(주)더블미디어,부산 해운대구,프론트엔드,5,,,,https://career.rememberapp.co.kr/job/posting/336904
remember,프론트엔드 개발자 (React),(주)위펀,서울 강남구,"프론트엔드, 풀스택, 시스템아키텍트, QA·테스터·검증, SW개발 기타",5,,,,https://career.rememberapp.co.kr/job/posting/336695
remember,기술연구소 프론트엔드 개발자(경력직),(주)티앤디소프트,경기 성남시 수정구,프론트엔드,3,10,,,https://career.rememberapp.co.kr/job/posting/336650
remember,쿠팡이츠 Frontend Engineer,쿠팡(주),서울 강남구,프론트엔드,7,,,,https://career.rememberapp.co.kr/job/posting/335830
remember,[자리톡] 프론트엔드 개발자,(주)자리컴퍼니,서울,"프론트엔드, 풀스택, 크로스 플랫폼",3,,,,https://career.rememberapp.co.kr/job/posting/335775
remember,커머스 시니어 프론트엔드 개발,(주)컬리,서울 강남구,프론트엔드,8,12,,,https://career.rememberapp.co.kr/job/posting/335046
remember,커머스 주니어 프론트엔드 개발,(주)컬리,서울 강남구,프론트엔드,4,8,,,https://career.rememberapp.co.kr/job/posting/335043
remember,Frontend Engineer(신입~2년차),(주)케이존,경기 성남시 분당구,"프론트엔드, 풀스택, 크로스 플랫폼",1,2,,,https://career.rememberapp.co.kr/job/posting/333704
remember,Frontend Engineer (2~5년차),(주)케이존,경기 성남시 분당구,"프론트엔드, 풀스택, 크로스 플랫폼",2,5,,,https://career.rememberapp.co.kr/job/posting/333373
remember,주니어 프론트엔드 (풀스택 성장형) 개발자,(주)리아드코퍼레이션,서울 강남구,"프론트엔드, 풀스택",1,5,,,https://career.rememberapp.co.kr/job/posting/333349
remember,[빗썸] Frontend Engineer (빗썸페이),(주)빗썸,서울 강남구,"프론트엔드, 크로스 플랫폼",3,,,,https://career.rememberapp.co.kr/job/posting/330983
remember,[헤렌/공비서] 프론트엔드 개발자 (7년차~),(주)헤렌,서울 성동구,"프론트엔드, 풀스택",7,15,,,https://career.rememberapp.co.kr/job/posting/330010
remember,[헤렌/공비서] 프론트엔드 개발자 (3년차~6년차),(주)헤렌,서울 성동구,"프론트엔드, 풀스택",3,7,,,https://career.rememberapp.co.kr/job/posting/317149
remember,프론트엔드 개발자,(주)시마크로,서울 강남구,프론트엔드,5,8,,,https://career.rememberapp.co.kr/job/posting/328591
remember,[Platform] 프론트엔드 웹 개발자,(주)베이글코드,서울 강남구,프론트엔드,7,15,,,https://career.rememberapp.co.kr/job/posting/286362
remember,Frontend Engineer (Transportation Management System),(주)유모스원,서울 서초구,프론트엔드,5,,,,https://career.rememberapp.co.kr/job/posting/325295
remember,Frontend Engineer (Fleet Management System),(주)유모스원,서울 서초구,프론트엔드,4,,,,https://career.rememberapp.co.kr/job/posting/325293
remember,[2년~7년] Frontend Engineer (React / Next.js),(주)스펙터,서울 강남구,프론트엔드,2,7,,,https://career.rememberapp.co.kr/job/posting/303399
remember,Frontend Developer,(주)애쉬코어테크놀로지스,서울 강남구,프론트엔드,3,10,,,https://career.rememberapp.co.kr/job/posting/324096
remember,[바딧] 시니어 프론트엔드 개발자 (5년 이상),(주)바딧,서울 금천구,"프론트엔드, 크로스 플랫폼",5,,,,https://career.rememberapp.co.kr/job/posting/317386
remember,"일본 마케팅 플랫폼, 프론트엔드 개발자",(주)에이든랩,서울 마포구,"프론트엔드, 풀스택, 응용 프로그램, SW개발 기타",,,,,https://career.rememberapp.co.kr/job/posting/317112
remember,메디맵(주) 플랫폼 프론트엔드개발자 채용,메디맵(주),서울 강남구,프론트엔드,2,5,,,https://career.rememberapp.co.kr/job/posting/316712
remember,Senior Frontend (SDK & Plugin) Engineer,(주)브레인데크,서울 강남구,프론트엔드,,,,,https://career.rememberapp.co.kr/job/posting/316707
remember,[딥아이] 프론트엔드 엔지니어,(주)딥아이,부산 기장군,"프론트엔드, 풀스택, 크로스 플랫폼",1,3,,,https://career.rememberapp.co.kr/job/posting/316354
remember,Senior Frontend Engineer (React.js),(주)로아이,서울 강남구,프론트엔드,3,10,,,https://career.rememberapp.co.kr/job/posting/313458
remember,프론트엔드 개발자(Lead),(주)씨디알아이,서울 강남구,프론트엔드,5,10,,,https://career.rememberapp.co.kr/job/posting/313213
remember,프론트엔드 개발자(시니어),(주)카카오페이증권,경기 성남시 분당구,프론트엔드,7,,,,https://career.rememberapp.co.kr/job/posting/278949
remember,JaDE FRONTEND개발자 경력직,(주)휴먼컨설팅그룹,경기 성남시 분당구,프론트엔드,3,4,,,https://career.rememberapp.co.kr/job/posting/308581
remember,프론트엔드 개발(UI개발) (프리랜서),(주)에스티컴,서울 영등포구,"프론트엔드, 풀스택, 웹퍼블리싱",5,,,,https://career.rememberapp.co.kr/job/posting/308229
remember,Frontend Engineer (Core Engineering),(주)무신사,서울,프론트엔드,10,,,,https://career.rememberapp.co.kr/job/posting/302789
remember,[2400만 회원수/매출 900억 흑자] - Frontend Engineer(AI),리멤버 헤드헌팅 서비스,서울 강남구,프론트엔드,3,7,,,https://career.rememberapp.co.kr/job/posting/296504
remember,[2400만 회원수/매출 900억 흑자] - Frontend Engineer,리멤버 헤드헌팅 서비스,서울 강남구,프론트엔드,5,12,,,https://career.rememberapp.co.kr/job/posting/296502
remember,[2400만 회원수/매출 900억 흑자] - Frontend Engineer(혜택 서비스),리멤버 헤드헌팅 서비스,서울 강남구,프론트엔드,5,15,,,https://career.rememberapp.co.kr/job/posting/296501
remember,AI 기업 Frontend Engineer,(주)유니코써치,서울 강남구,프론트엔드,2,15,,,https://career.rememberapp.co.kr/job/posting/283540
remember,[트래쉬버스터즈] 프론트엔드 앱/웹 개발자,(주)트래쉬버스터즈,서울 마포구,프론트엔드,5,,,,https://career.rememberapp.co.kr/job/posting/278480
remember,Front-end Software Engineer,(주)제이앤피메디,인천 연수구,프론트엔드,4,,,,https://career.rememberapp.co.kr/job/posting/277849
remember,시니어 프론트엔드 엔지니어,(주)프로써치코리아,서울 강남구,프론트엔드,5,15,,,https://career.rememberapp.co.kr/job/posting/277835
remember,[엘리스] 프론트엔드 엔지니어,(주)엘리스,서울 강남구,프론트엔드,1,5,,,https://career.rememberapp.co.kr/job/posting/274747
remember,[엘리스] 시니어 프론트엔드 엔지니어,(주)엘리스,서울 강남구,프론트엔드,5,20,,,https://career.rememberapp.co.kr/job/posting/274653
remember,프론트 엔드 개발자 포지션 (계약직),(주)에버브레인써치,서울 강남구,"프론트엔드, iOS, 안드로이드",3,5,,,https://career.rememberapp.co.kr/job/posting/269821
remember,프론트엔드 시니어 개발자,(주)프로써치코리아,대전 동구,"프론트엔드, 시스템아키텍트",8,,,,https://career.rememberapp.co.kr/job/posting/267263
remember,프론트엔드 개발자,(주)리클,경기 남양주시,"프론트엔드, 크로스 플랫폼, 웹퍼블리싱",4,7,,,https://career.rememberapp.co.kr/job/posting/263278
